"Rank","","Player Id","Player GSIS","Player College GSIS","Player Sportradar Id","Name","","Team","#","POS","S","OFF","OFF%","Run","Pass","RBLK","PBLK","OFF GRD","PASS GRD","REC GRD","RUSH GRD","PBLK GRD","RBLK GRD","KEY","PEN"
"","","63709","","362848","","Spencer Curtis","hawaii-warriors","HAWAII","14","WR","2024","360","0.0031","0","255","105","0","62.2","","61.7","","","61.2","20","0-0"
"","","70536","","416050","","Sebastian Macaluso","san-jose-state-spartans","S JOSE ST","24","WR","2024","124","0.0011","0","98","26","0","62.5","","62","","","62.7","15","0-0"
"","","70624","","360132","","Jacob Garcia","utah-state-aggies","UTAH ST","S49","LS","2024","3","0","0","1","1","1","60","","60","","63.8","60","0","0-0"
"","","70961","","367679","","Mikey Keene","fresno-state-bulldogs","FRESNO ST","01","QB","2024","744","0.0063","15","464","264","1","71.5","73.5","53.9","39.7","62.2","60.8","167","1-0"
"","","70963","","349685","","Jacob Conover","utah-state-aggies","UTAH ST","15","QB","2024","10","0.0001","2","6","2","0","32.6","47.1","","44.6","","60","3","0-0"
"","","71332","","328092","","Sean Dollars","nevada-wolf-pack","NEVADA","04","HB","2024","171","0.0015","46","65","37","23","56.7","","71.5","53","47.1","58.6","38","1-0"
"","","71382","","330350","","Luke Felix-Fualalo","hawaii-warriors","HAWAII","72","T","2024","342","0.0029","0","0","95","247","70.4","","","","85.2","50.3","36","0-0"
"","","71391","","351059","","William Nimmo Jr.","san-diego-state-aztecs","S DIEGO ST","D07","S","2024","1","0","0","0","0","1","60","","","","63.8","","0","0-0"
"","","71409","","408003","","Jamari Ferrell","wyoming-cowboys","WYOMING","06","HB","2024","209","0.0018","82","75","27","25","64.4","","56.8","67.7","49.4","54.4","51","2-0"
"","","71502","","385482","","Andrew Madrigal","nevada-wolf-pack","NEVADA","78","C","2024","859","0.0073","0","0","397","462","69.3","","","","68.4","68.7","154","5-0"
"","","71530","","428929","","Marquis Ashley","nevada-wolf-pack","NEVADA","07","WR","2024","53","0.0004","0","32","21","0","56.7","","58.5","","","46.8","5","0-0"
"","","72178","","351129","","Colby Bowman","utah-state-aggies","UTAH ST","09","WR","2024","137","0.0012","0","73","64","0","58.8","","58.3","","","60.5","9","0-0"
"","","72200","","386231","","Marist Talavou","san-jose-state-spartans","S JOSE ST","61","G","2024","763","0.0065","0","0","229","534","72","","","","86.4","66.4","92","1-0"
"","","72208","","337965","","Jude Wolfe","san-diego-state-aztecs","S DIEGO ST","18","TE","2024","421","0.0036","0","189","206","26","59.9","","57","","77","60.8","64","2-0"
"","","73243","","423512","","Lincoln Tuioti-Mariner","air-force-falcons","AIR FORCE","D23","S","2024","2","0","0","0","2","0","60","","","","","60","0","0-0"
"","","73389","","384871","","Marco Notarainni","boise-state-broncos","BOISE ST","D53","LB","2024","1","0","1","0","0","0","64.5","","","62.7","","","1","0-0"
"","","73621","","352078","","Elijah Gilliam","fresno-state-bulldogs","FRESNO ST","33","HB","2024","369","0.0031","122","179","22","46","70.6","","68.6","72.1","42.9","57.1","96","0-0"
"","","74174","","350730","","Mose Vavao","fresno-state-bulldogs","FRESNO ST","51","C","2024","702","0.006","0","0","270","432","69.3","","","","81.7","61.6","137","0-0"
"","","74258","","405961","","Justin Sinclair","hawaii-warriors","HAWAII","D06","S","2024","1","0","0","0","1","0","60","","","","","60","0","0-0"
"","","74298","","339905","","Justin Lockhart","san-jose-state-spartans","S JOSE ST","11","WR","2024","758","0.0064","0","541","217","0","73.3","","73.5","","","63.6","79","3-0"
"","","81559","","322373","","Spencer Lovell","nevada-wolf-pack","NEVADA","76","G","2024","667","0.0057","0","0","291","376","69.9","","","","72","68.9","113","3-0"
"","","81883","","359545","","Baraka Beckett","new-mexico-lobos","NEW MEXICO","56","G","2024","897","0.0076","0","0","422","475","71.7","","","","91.4","66.4","141","4-1"
"","","81896","","308644","","Wyatt Bowles","utah-state-aggies","UTAH ST","60","G","2024","881","0.0075","0","0","371","510","64.4","","","","64.3","63.6","201","5-1"
"","","82136","","314810","","Spencer Petras","utah-state-aggies","UTAH ST","07","QB","2024","599","0.0051","13","373","212","1","67.6","68.3","","50.4","62.2","60","160","0-0"
"","","86114","","350739","","Sergio Muasau","hawaii-warriors","HAWAII","66","C","2024","594","0.005","0","0","150","444","60.6","","","","53","68.7","105","5-1"
"","","86146","","382726","","Toreon Penright","fresno-state-bulldogs","FRESNO ST","77","T","2024","529","0.0045","0","0","190","339","52.8","","","","44","56.9","123","3-0"
"","","86489","","394968","","Alex Moore","air-force-falcons","AIR FORCE","76","T","2024","800","0.0068","0","0","625","175","72.6","","","","47.4","73.2","204","0-0"
"","","86538","","360318","","Chase Penry","boise-state-broncos","BOISE ST","13","WR","2024","218","0.0018","0","120","98","0","65.4","","65.5","","","58.4","28","1-0"
"","","90160","","352307","","Davis Salom","san-jose-state-spartans","S JOSE ST","S40","LS","2024","1","0","0","0","1","0","60","","","","","60","0","0-0"
"","","90613","","349493","","Skylar Loving-Black","san-jose-state-spartans","S JOSE ST","86","TE","2024","5","0","0","0","5","0","60","","","","","60","0","0-0"
"","","90875","","386227","","Hudson Mesa","san-jose-state-spartans","S JOSE ST","60","C","2024","717","0.0061","0","0","229","488","51.7","","","","52.7","48.9","140","1-0"
"","","91064","","391337","","Dylan Lopez","nevada-wolf-pack","NEVADA","57","C","2024","12","0.0001","0","0","10","2","70.6","","","","73","68.1","4","0-0"
"","","97120","","327882","","Pat Garwo III","nevada-wolf-pack","NEVADA","05","HB","2024","229","0.0019","57","102","36","34","70.9","","64.1","75.9","57.2","44.7","52","1-0"
"","","97321","","336987","","Ryan Davis","new-mexico-lobos","NEW MEXICO","18","WR","2024","729","0.0062","0","391","337","1","73.9","","74.8","","54.1","65","85","3-0"
"","","97543","","340590","","Jett Elad","unlv-rebels","UNLV","D09","S","2024","2","0","0","0","1","1","60","","","","63.8","60","0","0-0"
"","","97701","","330481","","Nalu Emerson","hawaii-warriors","HAWAII","D11","LB","2024","1","0","0","0","1","0","60","","","","","60","0","0-0"
"","","97798","","341047","","Jonah Panoke","hawaii-warriors","HAWAII","01","WR","2024","501","0.0043","0","374","127","0","58","","57.1","","","66.5","45","0-0"
"","","97815","","350782","","Dawaiian McNeely","wyoming-cowboys","WYOMING","03","HB","2024","4","0","2","1","1","0","63.4","","60","62.9","","60","1","0-0"
"","","98213","","327991","","Alex Brown","wyoming-cowboys","WYOMING","09","WR","2024","193","0.0016","0","93","100","0","49.6","","48.8","","","56.9","10","0-0"
"","","98322","","351180","","Tavion Woodard","boise-state-broncos","BOISE ST","D52","ED","2024","1","0","0","1","0","0","56.3","","55.3","","","","0","0-0"
"","","98557","","351748","","Devin Boddie Jr.","wyoming-cowboys","WYOMING","02","WR","2024","88","0.0007","1","51","36","0","61.9","","62.6","59.6","","67.7","10","1-1"
"","","98679","","326204","","Nick Nash","san-jose-state-spartans","S JOSE ST","03","WR","2024","791","0.0067","1","549","241","0","85.3","86.4","86.9","42.4","","58.6","136","2-0"
"","","99502","","336566","","Deshawn McCuin","san-diego-state-aztecs","S DIEGO ST","D17","CB","2024","3","0","0","1","1","1","57.6","","58.8","","60.5","60","0","0-0"
"","","100218","","324877","","Ja'Shaun Poke","san-diego-state-aztecs","S DIEGO ST","03","WR","2024","461","0.0039","4","258","198","1","69.9","","70.4","59.3","63.8","64.9","66","2-0"
"","","100635","","351860","","Kyrese White","utah-state-aggies","UTAH ST","23","WR","2024","523","0.0044","2","304","217","0","66.4","","66.5","60.8","","60.1","56","0-0"
"","","100651","","351392","","Donovan Ollie","colorado-state-rams","COLO STATE","06","WR","2024","107","0.0009","0","47","60","0","55.7","","57","","","49.5","8","0-0"
"","","101165","","338848","","Michael Callahan","boise-state-broncos","BOISE ST","D92","DI","2024","9","0.0001","0","0","8","1","42.5","","","","65.9","44.9","2","0-0"
"","","101173","","350684","","Wyatt Draeger","san-diego-state-aztecs","S DIEGO ST","D45","DI","2024","2","0","0","0","2","0","59.5","","","","","57.4","0","0-0"
"","","101219","","330565","","Tyler Crowe","boise-state-broncos","BOISE ST","33","FB","2024","81","0.0007","30","24","20","7","74.9","","63.6","75.1","45.4","65.5","29","0-0"
"","","101236","","383940","","Walker Hardan","unlv-rebels","UNLV","S59","LS","2024","1","0","0","0","0","1","60","","","","63.8","","0","0-0"
"","","101247","","350854","","Ben Dooley","boise-state-broncos","BOISE ST","66","G","2024","915","0.0078","0","0","462","453","73.9","","","","72.8","72.3","219","2-1"
"","","101266","","359459","","Osmar Velez","fresno-state-bulldogs","FRESNO ST","78","G","2024","778","0.0066","0","0","322","456","72.4","","","","84.9","66.9","155","1-0"
"","","102348","","326724","","Hajj-Malik Williams","unlv-rebels","UNLV","06","QB","2024","742","0.0063","91","355","296","0","77","67.3","29.7","78.3","","60","243","1-0"
"","","102637","","337177","","Jaden Smith","nevada-wolf-pack","NEVADA","01","WR","2024","814","0.0069","0","448","365","1","76.9","73.1","77.9","","61","62.8","86","3-0"
"","","104082","","385525","","Marcus Bellon","nevada-wolf-pack","NEVADA","18","WR","2024","586","0.005","9","351","226","0","67.9","62","68.1","63.5","","56.2","59","2-0"
"","","109089","","328295","","Kobe Johnson","colorado-state-rams","COLO STATE","00","HB","2024","29","0.0002","12","15","0","2","59.5","72.6","62.8","57.2","13.1","","7","1-1"
"","","121536","","349662","","Elliott Nimrod","utah-state-aggies","UTAH ST","S89","K","2024","2","0","1","1","0","0","69.7","","60","63.4","","","1","0-0"
"","","122067","","347970","","Sol-Jay Maiava-Peters","new-mexico-lobos","NEW MEXICO","30","HB","2024","72","0.0006","23","28","18","3","62.4","","58.9","63.6","73.5","46.9","15","0-0"
"","","122412","","348310","","Chubba Purdy","nevada-wolf-pack","NEVADA","13","QB","2024","66","0.0006","10","39","17","0","69.7","70","61.8","63.3","","60.1","18","0-0"
"","","122608","","349980","","Christian Moore","unlv-rebels","UNLV","44","TE","2024","476","0.004","1","120","298","57","64.7","","40.8","57.6","61.4","79.9","124","2-2"
"","","122840","","348165","","D.J. Jones","wyoming-cowboys","WYOMING","26","HB","2024","132","0.0011","58","50","13","11","56.2","","43.7","60.2","28","49.5","28","0-0"
"","","123090","","349453","","Caleb Medford","new-mexico-lobos","NEW MEXICO","12","WR","2024","338","0.0029","0","199","139","0","65.1","","64.3","","","65.4","29","0-0"
"","","123111","","348203","","Kitan Crawford","nevada-wolf-pack","NEVADA","D04","S","2024","2","0","0","0","2","0","60","","","","","60.1","0","0-0"
"","","123138","","350814","","Nate Floyd","nevada-wolf-pack","NEVADA","85","WR","2024","21","0.0002","0","17","4","0","60","","59.8","","","60.4","2","0-0"
"","","123963","","372755","","Jalen St. John","unlv-rebels","UNLV","74","T","2024","880","0.0075","0","0","473","407","66.2","","","","71","61.9","108","5-1"
"","","123973","","350070","","Jackson Woodard","unlv-rebels","UNLV","D07","LB","2024","2","0","0","0","1","1","60","","","","63.8","60","0","0-0"
"","","127306","","429282","","Owen Allen","air-force-falcons","AIR FORCE","22","HB","2024","145","0.0012","79","0","60","6","74.5","","","72","82.2","61.9","44","0-0"
"","","127312","","425420","","Kaden Anderson","wyoming-cowboys","WYOMING","12","QB","2024","270","0.0023","22","129","119","0","67.8","72","","49.8","","60","66","1-1"
"","","127412","","406735","","Will Thomas","unlv-rebels","UNLV","72","G","2024","64","0.0005","0","4","37","23","55.3","","51.5","","23","66.3","15","1-0"
"","","128118","","351452","","Austin Bolt","boise-state-broncos","BOISE ST","81","WR","2024","374","0.0032","0","139","235","0","66.4","","64.7","","","75.2","46","3-0"
"","","128119","","360206","","Latrell Caples","boise-state-broncos","BOISE ST","03","WR","2024","622","0.0053","0","314","306","2","68.5","","69.5","","69.3","58.2","67","2-1"
"","","128120","","393425","","Nathan Cardona","boise-state-broncos","BOISE ST","57","G","2024","55","0.0005","0","0","38","17","53.4","","","","57.3","52.9","15","0-0"
"","","128130","","351243","","Herbert Gums","boise-state-broncos","BOISE ST","D98","DI","2024","9","0.0001","0","1","8","0","67.4","","60","","","69","2","0-0"
"","","128145","","351456","","Cam Bariteau","colorado-state-rams","COLO STATE","D94","DI","2024","1","0","0","0","1","0","60","","","","","60","0","0-0"
"","","128146","","350753","","Henry Blackburn","colorado-state-rams","COLO STATE","D11","S","2024","1","0","0","0","1","0","60","","","","","60","0","0-0"
"","","128160","","350760","","James Mitchell","colorado-state-rams","COLO STATE","D91","DI","2024","1","0","0","0","1","0","60","","","","","60","0","0-0"
"","","128163","","394965","","Dane Olson","colorado-state-rams","COLO STATE","81","WR","2024","240","0.002","1","152","87","0","74","74","72.2","63.2","","65.5","34","0-0"
"","","128170","","351175","","Chase Wilson","colorado-state-rams","COLO STATE","D30","LB","2024","1","0","0","0","1","0","60","","","","","60","0","0-0"
"","","128172","","350717","","Jordan Brown","fresno-state-bulldogs","FRESNO ST","81","WR","2024","128","0.0011","0","72","56","0","59.4","","60.2","","","52","11","0-0"
"","","128174","","350718","","Mac Dalena","fresno-state-bulldogs","FRESNO ST","00","WR","2024","686","0.0058","5","437","244","0","73.6","","74.3","61.7","","56.7","76","1-0"
"","","128186","","350729","","Tyler Mello","fresno-state-bulldogs","FRESNO ST","D42","LB","2024","7","0.0001","0","2","5","0","74.2","","77","","","73.8","5","0-0"
"","","128188","","393569","","Julian Polendo","fresno-state-bulldogs","FRESNO ST","74","C","2024","84","0.0007","0","0","45","39","67.9","","","","63.2","66.1","19","0-0"
"","","128189","","351973","","Malik Sherrod","fresno-state-bulldogs","FRESNO ST","02","HB","2024","156","0.0013","60","75","5","16","59.2","","50.9","64.3","46.7","42.9","33","1-0"
"","","128195","","359468","","Ezra Evaimalo","hawaii-warriors","HAWAII","D52","DI","2024","1","0","0","0","1","0","60","","","","","60","0","0-0"
"","","128204","","350738","","Tamatoa Mokiao-Atimalala","hawaii-warriors","HAWAII","08","WR","2024","201","0.0017","0","136","65","0","52.2","","52.8","","","50.2","26","0-0"
"","","128207","","351626","","Koali Nishigaya","hawaii-warriors","HAWAII","23","WR","2024","123","0.001","0","87","36","0","50.6","","52.8","","","37.8","13","0-0"
"","","128215","","350743","","Maurice Ta'ala","hawaii-warriors","HAWAII","51","G","2024","118","0.001","0","0","33","85","53.1","","","","47.3","51","22","0-0"
"","","128220","","351106","","Nick Barcelos","nevada-wolf-pack","NEVADA","S88","LS","2024","3","0","0","0","3","0","60","","","","","60","1","0-0"
"","","128229","","350582","","Jacob Gardner","colorado-state-rams","COLO STATE","75","C","2024","824","0.007","0","0","398","426","90.4","","","","88.6","88.9","208","2-0"
"","","128232","","350584","","Tory Horton","colorado-state-rams","COLO STATE","14","WR","2024","203","0.0017","0","102","101","0","82.3","","81.4","64.4","","66.5","34","1-1"
"","","128233","","351108","","Matthew Killam","nevada-wolf-pack","NEVADA","S18","K","2024","1","0","1","0","0","0","55.6","","","59.3","","","0","0-0"
"","","128239","","351109","","Peter Montini","colorado-state-rams","COLO STATE","44","TE","2024","229","0.0019","2","50","164","13","53.1","","58.3","62","50.3","48.3","47","1-0"
"","","128240","","350590","","Avery Morrow","colorado-state-rams","COLO STATE","25","HB","2024","451","0.0038","188","173","37","53","73.7","","56.8","76.6","57.4","32.8","123","1-0"
"","","128243","","351110","","Frank Poso","nevada-wolf-pack","NEVADA","62","T","2024","266","0.0023","0","0","113","153","70.8","","","","51.9","78","61","0-0"
"","","128253","","351795","","Jer'Marques Bailey","new-mexico-lobos","NEW MEXICO","77","T","2024","3","0","0","0","1","2","60","","","","66.2","60","0","0-0"
"","","128257","","351642","","Isaiah Chavez","new-mexico-lobos","NEW MEXICO","16","QB","2024","5","0","2","0","2","1","55.5","","","57.1","62.2","60","0","0-0"
"","","128280","","399032","","Vincent Santos","new-mexico-lobos","NEW MEXICO","88","TE","2024","118","0.001","0","6","81","31","57.8","","50.6","","53.4","60.6","27","0-0"
"","","128290","","351962","","Jaylon Armstead","san-diego-state-aztecs","S DIEGO ST","02","HB","2024","26","0.0002","13","9","2","2","66.8","","45.4","71.3","73.5","59","9","0-0"
"","","128315","","352019","","Mekhi Shaw","san-diego-state-aztecs","S DIEGO ST","83","WR","2024","427","0.0036","0","241","185","1","57.4","","57.3","","62.1","60.7","22","1-0"
"","","128321","","350708","","Jackson Canaan","san-jose-state-spartans","S JOSE ST","85","TE","2024","475","0.004","0","326","146","3","53.2","","55.2","","24.2","44.7","45","1-0"
"","","128343","","361272","","Kaleo Ballungay","unlv-rebels","UNLV","19","TE","2024","722","0.0061","0","279","371","72","55.5","","54.1","","58.5","59.5","147","2-0"
"","","128371","","351806","","Tiger Shanks","unlv-rebels","UNLV","70","T","2024","901","0.0076","0","6","484","411","78.2","","50.1","","82.8","71.9","175","4-2"
"","","128376","","350845","","Falepule Alo","utah-state-aggies","UTAH ST","55","C","2024","815","0.0069","0","0","335","480","68.5","","","","74.8","65.4","151","3-0"
"","","128384","","351921","","Cooper Jones","boise-state-broncos","BOISE ST","18","WR","2024","8","0.0001","0","2","6","0","57.3","","57.9","","","59.6","0","0-0"
"","","128386","","350665","","Broc Lane","utah-state-aggies","UTAH ST","87","TE","2024","252","0.0021","0","149","90","13","63","","65","","36.1","54.8","45","0-0"
"","","128393","","381682","","Cole Motes","utah-state-aggies","UTAH ST","56","T","2024","794","0.0067","0","2","336","456","53","","57.1","","58.4","53.1","169","7-0"
"","","128399","","351792","","Josh Sterzer","utah-state-aggies","UTAH ST","83","TE","2024","456","0.0039","0","209","228","19","56","","54.7","","77.5","57","80","0-0"
"","","128410","","366523","","Caleb Driskill","wyoming-cowboys","WYOMING","36","TE","2024","127","0.0011","0","7","110","10","59.4","","55.8","","73.3","58.2","33","0-0"
"","","128422","","377245","","Nick Miles","wyoming-cowboys","WYOMING","86","TE","2024","544","0.0046","0","173","325","46","61.2","","41","","56.9","79.4","100","1-0"
"","","128426","","366538","","Will Pelissier","wyoming-cowboys","WYOMING","83","WR","2024","450","0.0038","1","194","255","0","59.3","","57.7","59.6","","66.3","37","0-0"
"","","128438","","374170","","Nofoafia Tulafono","wyoming-cowboys","WYOMING","77","C","2024","824","0.007","0","0","421","403","65.7","","","","86.4","57.1","157","1-1"
"","","128441","","394941","","Malik Williams","san-jose-state-spartans","S JOSE ST","70","T","2024","922","0.0078","0","0","291","631","51","","","","44.9","54.4","198","2-1"
"","","129639","","350552","","Ricky White","unlv-rebels","UNLV","11","WR","2024","764","0.0065","1","371","392","0","80.8","","82","57.5","","69.9","129","4-0"
"","","129681","","431666","","Alex Conn","wyoming-cowboys","WYOMING","75","G","2024","104","0.0009","0","0","57","47","44.1","","","","46","42.6","36","1-0"
"","","129940","","350660","","Jonah Dalmas","boise-state-broncos","BOISE ST","S35","K","2024","1","0","0","1","0","0","56.3","","55.3","","","","0","0-0"
"","","130322","","351020","","Nate Williams","san-diego-state-aztecs","S DIEGO ST","74","T","2024","817","0.0069","0","0","356","461","74.8","","","","74.7","71.7","134","4-0"
"","","130327","","360319","","Lucas Borrow","hawaii-warriors","HAWAII","S19","P","2024","2","0","1","1","0","0","64","","59.1","62.7","","","1","0-0"
"","","130489","","351212","","Marquez Cooper","san-diego-state-aztecs","S DIEGO ST","15","HB","2024","748","0.0063","300","289","26","133","78.6","","64.5","79.9","63.2","50.4","184","1-0"
"","","130584","","351172","","Harrison Waylee","wyoming-cowboys","WYOMING","04","HB","2024","136","0.0012","65","39","12","20","66","","53.4","69.6","23.2","57.3","45","2-1"
"","","131604","","360803","","Jean Boyd III","san-jose-state-spartans","S JOSE ST","D28","CB","2024","1","0","0","0","1","0","60","","","","","60","0","0-0"
"","","131682","","361681","","Michael Harrison","san-diego-state-aztecs","S DIEGO ST","87","TE","2024","395","0.0034","1","218","148","28","53.4","","61.8","63.7","44.7","35.4","75","2-0"
"","","131687","","351939","","Brendon Lewis","nevada-wolf-pack","NEVADA","02","QB","2024","774","0.0066","112","404","256","2","90.3","80.1","72.4","85.4","81.4","60.5","255","1-0"
"","","131701","","385043","","Kai Arneson","nevada-wolf-pack","NEVADA","64","G","2024","1","0","0","0","1","0","60","","","","","60","0","0-0"
"","","131805","","373227","","Grant Norberg","san-jose-state-spartans","S JOSE ST","87","TE","2024","6","0.0001","0","1","5","0","58.8","","59.7","","","59.8","0","0-0"
"","","131845","","361840","","Bryson Barnes","utah-state-aggies","UTAH ST","16","QB","2024","313","0.0027","52","155","106","0","75.7","62.3","54.3","80.5","","60.1","97","1-0"
"","","131907","","391495","","Myles Murao","san-diego-state-aztecs","S DIEGO ST","53","G","2024","111","0.0009","0","0","50","61","65.1","","","","86.2","59.6","33","2-0"
"","","134899","","351998","","Mathyus Su'a","unlv-rebels","UNLV","78","G","2024","667","0.0057","0","0","359","308","68","","","","69.8","67.5","144","2-1"
"","","139100","","353418","","Jack Culbreath","wyoming-cowboys","WYOMING","S41","P","2024","1","0","0","0","1","0","60","","","","","60","0","0-0"
"","","139372","","406678","","Timothy Conerly","unlv-rebels","UNLV","08","WR","2024","23","0.0002","2","6","15","0","85.8","","75.4","77.2","","58.2","3","0-0"
"","","141266","","353489","","Nick Floyd","utah-state-aggies","UTAH ST","24","HB","2024","7","0.0001","5","0","2","0","74.5","","","71.6","","60","3","0-0"
"","","142259","","353317","","Tyler Pastula","san-diego-state-aztecs","S DIEGO ST","S13","P","2024","9","0.0001","1","4","3","1","69.3","71.6","","60","63.8","60","3","0-0"
"","","142392","","354906","","Mitchell Bothwell","boise-state-broncos","BOISE ST","87","TE","2024","9","0.0001","0","1","8","0","54.4","","59","","","56.1","3","0-0"
"","","143059","","354746","","Matthew Sluka","unlv-rebels","UNLV","03","QB","2024","171","0.0015","32","65","74","0","76.3","59.2","54.3","81.8","","60","68","0-0"
"","","143759","","358819","","Nate Bennett","san-diego-state-aztecs","S DIEGO ST","11","WR","2024","515","0.0044","0","297","218","0","64.8","","64.2","","","65.9","43","1-1"
"","","144011","","396173","","Trey Andersen","utah-state-aggies","UTAH ST","57","T","2024","184","0.0016","0","0","77","107","54.1","","","","39.4","59.1","38","1-0"
"","","144016","","361517","","Jaden Bradley","unlv-rebels","UNLV","23","WR","2024","292","0.0025","1","136","155","0","61.8","","62","63.5","","49.7","20","1-0"
"","","144255","","361053","","Raylen Sharpe","fresno-state-bulldogs","FRESNO ST","11","WR","2024","490","0.0042","2","338","150","0","72.6","85.3","71.3","58.1","","68.1","70","0-0"
"","","144361","","363173","","Dylan Goffney","colorado-state-rams","COLO STATE","05","WR","2024","57","0.0005","0","41","16","0","56.7","","58.5","","","47.1","10","0-0"
"","","144459","","384830","","Cole Joyce","utah-state-aggies","UTAH ST","D20","LB","2024","1","0","0","0","0","1","60","","","","63.8","","0","0-0"
"","","144541","","366998","","Eli Sanders","new-mexico-lobos","NEW MEXICO","06","HB","2024","460","0.0039","150","188","71","51","77.5","","48.9","84.1","73.3","61.9","95","0-0"
"","","144587","","391409","","Kingsley Ugwu","fresno-state-bulldogs","FRESNO ST","76","T","2024","207","0.0018","0","0","108","99","69","","","","38.9","77.5","53","1-1"
"","","144727","","385875","","Casey Cain","unlv-rebels","UNLV","01","WR","2024","294","0.0025","1","136","156","1","61","","60","63.2","61.9","59.1","26","1-0"
"","","145666","","361715","","Jack Hasz","unlv-rebels","UNLV","65","C","2024","905","0.0077","0","0","488","417","65.6","","","","78.2","59.6","143","2-1"
"","","145740","","359825","","Kyle Moretti","san-diego-state-aztecs","S DIEGO ST","D44","LB","2024","2","0","0","0","2","0","60","","","","","59","1","0-0"
"","","145902","","359745","","Ben Lisk","unlv-rebels","UNLV","S36","LS","2024","1","0","0","0","1","0","60","","","","","60","1","0-0"
"","","145975","","406398","","Luke Voorhees","boise-state-broncos","BOISE ST","96","TE","2024","121","0.001","0","22","83","16","59.5","","42.5","","71.5","64.2","21","0-0"
"","","145981","","361952","","Colt Fulton","boise-state-broncos","BOISE ST","15","QB","2024","1","0","1","0","0","0","60","","","60","","","0","0-0"
"","","145984","","360394","","Seyi Oladipo","boise-state-broncos","BOISE ST","D23","S","2024","1","0","0","0","1","0","60","","","","","60","0","0-0"
"","","145989","","391092","","Ben Ford","boise-state-broncos","BOISE ST","82","WR","2024","68","0.0006","0","29","39","0","62.6","","62.5","","","60.5","4","0-0"
"","","145991","","387248","","Mason Randolph","boise-state-broncos","BOISE ST","63","C","2024","223","0.0019","0","0","109","114","64.7","","","","57.7","64.2","45","0-0"
"","","145992","","387243","","Matt Lauter","boise-state-broncos","BOISE ST","85","TE","2024","731","0.0062","0","330","350","51","61.9","","74.1","","33.3","40.8","156","1-0"
"","","145993","","387236","","Mason Hutton","boise-state-broncos","BOISE ST","S42","LS","2024","2","0","0","0","1","1","60","","","","63.8","60","0","0-0"
"","","146019","","360257","","Giles Pooler","colorado-state-rams","COLO STATE","12","QB","2024","1","0","1","0","0","0","60","","","60","","","0","0-0"
"","","146020","","360781","","Jack Howell","colorado-state-rams","COLO STATE","D17","S","2024","1","0","0","0","1","0","60","","","","","60","0","0-0"
"","","146022","","396997","","Clay Nanke","wyoming-cowboys","WYOMING","85","TE","2024","57","0.0005","0","33","21","3","65.9","","66","","72.3","57.8","9","0-0"
"","","146024","","393432","","Sammy Norris","unlv-rebels","UNLV","60","G","2024","32","0.0003","0","1","28","3","61.6","","59.8","","83.8","60.6","11","0-0"
"","","146025","","361695","","Gerick Robinson","nevada-wolf-pack","NEVADA","14","WR","2024","10","0.0001","0","2","8","0","57.4","","57.6","","","60.8","0","0-0"
"","","146027","","367961","","Jake Boust","fresno-state-bulldogs","FRESNO ST","86","TE","2024","254","0.0022","0","88","141","25","53","","46.3","","51.1","63.9","54","0-0"
"","","146047","","386264","","Kamron Beachem","fresno-state-bulldogs","FRESNO ST","17","TE","2024","160","0.0014","0","93","56","11","55.6","","58.3","","49.1","51","30","0-0"
"","","146050","","368557","","Braylen Nelson","fresno-state-bulldogs","FRESNO ST","75","T","2024","835","0.0071","0","0","330","505","68.8","","","","64.3","70.7","173","3-1"
"","","146051","","396684","","Rolan Fullwood","fresno-state-bulldogs","FRESNO ST","71","T","2024","9","0.0001","0","0","9","0","57.4","","","","","57.1","1","0-0"
"","","146053","","412306","","Johnathan Arceneaux","fresno-state-bulldogs","FRESNO ST","29","HB","2024","78","0.0007","21","27","24","6","66.1","","71.1","65.4","78.2","48.7","16","0-0"
"","","146061","","384804","","Kamalu DeBlake","hawaii-warriors","HAWAII","38","HB","2024","13","0.0001","4","0","5","4","72.7","","","70.8","56.4","60","4","0-0"
"","","146065","","375506","","Landon Sims","hawaii-warriors","HAWAII","30","HB","2024","515","0.0044","71","89","40","315","70","74.6","75.5","70.8","60.9","55.1","84","2-2"
"","","146066","","385572","","Ka'ena Decambra","hawaii-warriors","HAWAII","78","T","2024","820","0.007","0","0","218","602","76.8","","","","74","73.8","130","3-0"
"","","146067","","397767","","Zhen Sotelo","hawaii-warriors","HAWAII","58","G","2024","549","0.0047","0","0","148","401","68","","","","72.9","67.9","93","3-0"
"","","146069","","385573","","Karsyn Pupunu","hawaii-warriors","HAWAII","11","WR","2024","149","0.0013","0","89","60","0","62.4","","62.3","","","58.1","9","0-0"
"","","146071","","399529","","David Cordero","hawaii-warriors","HAWAII","10","HB","2024","36","0.0003","11","3","4","18","67.9","","59.9","69.2","50","59","11","0-0"
"","","146078","","361193","","Brayden Schager","hawaii-warriors","HAWAII","13","QB","2024","716","0.0061","48","521","147","0","74.9","69.1","","75.3","","60","274","2-1"
"","","146083","","385182","","Aedan Seiuli","nevada-wolf-pack","NEVADA","D46","S","2024","2","0","0","0","2","0","60","","","","","60","0","0-0"
"","","146084","","394962","","Trevyn Heil","colorado-state-rams","COLO STATE","57","C","2024","64","0.0005","0","0","42","22","81.3","","","","84.6","75","23","0-0"
"","","146094","","368539","","Drue Watts","nevada-wolf-pack","NEVADA","D07","LB","2024","2","0","0","0","2","0","60","","","","","60","0","0-0"
"","","146110","","361901","","Luke Wysong","new-mexico-lobos","NEW MEXICO","15","WR","2024","676","0.0057","9","366","301","0","77.8","","78","73.8","","58.9","92","2-0"
"","","146130","","360297","","Trace Bruckler","new-mexico-lobos","NEW MEXICO","05","TE","2024","565","0.0048","3","212","291","59","51","","51.6","74.3","72.9","46.1","116","2-0"
"","","146134","","382574","","Isaiah Sillemon","new-mexico-lobos","NEW MEXICO","38","TE","2024","553","0.0047","0","41","262","250","57.4","","41.6","","55.9","62.2","137","3-2"
"","","146144","","367871","","Jatavious Magee","san-diego-state-aztecs","S DIEGO ST","D12","S","2024","5","0","0","1","1","3","57.2","","55.3","","99.9","60","0","0-0"
"","","146145","","386440","","Christian Jones","san-diego-state-aztecs","S DIEGO ST","70","T","2024","834","0.0071","0","0","362","472","55.6","","","","56.9","51.8","150","1-0"
"","","146150","","374242","","Brady Anderson","san-diego-state-aztecs","S DIEGO ST","D42","LB","2024","8","0.0001","1","1","2","4","55.9","","59.5","58.5","99.9","60","0","0-0"
"","","146152","","360934","","Ryan Wintermeyer","san-diego-state-aztecs","S DIEGO ST","S50","LS","2024","9","0.0001","0","0","4","5","60","","","","99.9","60","1","0-0"
"","","146155","","385068","","Ross Ulugalu-Maseuli","san-diego-state-aztecs","S DIEGO ST","63","G","2024","828","0.007","0","0","358","470","70.8","","","","75.1","68.5","165","4-0"
"","","146162","","386429","","DJ Herman","san-diego-state-aztecs","S DIEGO ST","D56","LB","2024","5","0","0","1","1","3","60.3","60.6","","","89.6","60","0","0-0"
"","","146165","","376532","","Cam Davis","san-diego-state-aztecs","S DIEGO ST","29","HB","2024","52","0.0004","15","27","2","8","61","","58.6","64","29.2","59.4","13","0-0"
"","","146170","","359902","","Walker Eget","san-jose-state-spartans","S JOSE ST","05","QB","2024","545","0.0046","28","375","142","0","84.7","81.8","54.3","70.3","","60.1","197","1-0"
"","","146177","","418126","","Nate Lewis","san-jose-state-spartans","S JOSE ST","D99","ED","2024","1","0","0","0","1","0","60","","","","","60","0","0-0"
"","","146195","","374250","","Cameron Friel","unlv-rebels","UNLV","07","QB","2024","48","0.0004","10","6","32","0","63.5","61.2","","61.4","","60.3","8","0-0"
"","","146196","","406731","","Anthony Rosas","unlv-rebels","UNLV","54","G","2024","37","0.0003","0","0","36","1","69","","","","67.3","67.1","7","0-0"
"","","146200","","406657","","Anton Ambuehl","unlv-rebels","UNLV","75","G","2024","872","0.0074","0","0","473","399","64.3","","","","74.2","59.8","176","0-0"
"","","146204","","399516","","Graham Keating III","unlv-rebels","UNLV","61","C","2024","34","0.0003","0","0","28","6","67.6","","","","75","64.7","4","0-0"
"","","146206","","362029","","Cameron Oliver","unlv-rebels","UNLV","D05","CB","2024","2","0","0","1","1","0","77.4","","73.6","","","60","1","0-0"
"","","146210","","400020","","Malik Bradford","unlv-rebels","UNLV","89","WR","2024","7","0.0001","0","0","7","0","60.5","","","","","60.6","0","0-0"
"","","146214","","365535","","Johnathan Baldwin","unlv-rebels","UNLV","D03","CB","2024","2","0","0","0","1","1","60","","","","63.8","60","0","0-0"
"","","146224","","362928","","Otto Tia","utah-state-aggies","UTAH ST","05","WR","2024","739","0.0063","0","432","306","1","57.2","","56.8","","63.8","56.5","60","0-0"
"","","146342","","362882","","Zach Holmes","boise-state-broncos","BOISE ST","72","C","2024","623","0.0053","0","0","323","300","71.1","","","","68.2","69.1","122","0-0"
"","","146489","","362445","","Kuao Peihopa","hawaii-warriors","HAWAII","59","G","2024","786","0.0067","0","0","220","566","61.3","","","","62","60.3","132","4-1"
"","","146492","","368477","","Xavier Ward","san-jose-state-spartans","S JOSE ST","07","QB","2024","3","0","0","3","0","0","35","35.5","","","","","2","0-0"
"","","146628","","368396","","Landon Rogers","unlv-rebels","UNLV","15","WR","2024","5","0","0","1","4","0","68","","59.3","","","63.2","1","0-0"
"","","146733","","361671","","Dekel Crowdus","hawaii-warriors","HAWAII","06","WR","2024","246","0.0021","0","197","49","0","64.2","","64.3","","","51.2","19","1-1"
"","","146801","","367663","","Solomon Landrum","hawaii-warriors","HAWAII","S44","LS","2024","1","0","0","0","1","0","60","","","","","60","0","0-0"
"","","146864","","385589","","Marshall Nichols","unlv-rebels","UNLV","S90","P","2024","2","0","1","1","0","0","61.1","60.6","","60","","","0","0-0"
"","","147569","","380337","","Campbell McHarg","fresno-state-bulldogs","FRESNO ST","54","G","2024","249","0.0021","0","0","115","134","71.4","","","","76.9","69.5","52","2-0"
"","","147647","","362210","","Charles Brown","nevada-wolf-pack","NEVADA","03","WR","2024","7","0.0001","0","3","4","0","56.1","","56.7","","","60.5","0","0-0"
"","","148818","","373406","","Jace Henry","nevada-wolf-pack","NEVADA","16","TE","2024","197","0.0017","0","82","106","9","56.8","","62.9","","66.7","47.8","35","1-0"
"","","150195","","377402","","Kylin James","unlv-rebels","UNLV","20","HB","2024","219","0.0019","92","58","53","16","79.5","60","41.6","82.7","62.1","54.1","58","0-0"
"","","150211","","383963","","Alex Foster","colorado-state-rams","COLO STATE","69","G","2024","205","0.0017","0","1","126","78","58.4","","59.2","","58.7","56.8","57","1-1"
"","","150351","","368730","","Drew Moss","colorado-state-rams","COLO STATE","68","G","2024","866","0.0073","0","0","428","438","91.3","","","","81.3","92.6","227","6-0"
"","","150690","","385602","","Caden Barnett","wyoming-cowboys","WYOMING","72","T","2024","756","0.0064","0","0","393","363","80.9","","","","70.6","82","160","6-1"
"","","150698","","385488","","John Michael Gyllenborg","wyoming-cowboys","WYOMING","84","TE","2024","270","0.0023","0","173","85","12","79.7","","84.9","","50.8","51.2","60","0-0"
"","","150700","","400278","","Jaylen Sargent","wyoming-cowboys","WYOMING","08","WR","2024","420","0.0036","0","216","204","0","67.7","","68.5","","","59.3","33","2-1"
"","","150701","","385680","","Sam Scott","wyoming-cowboys","WYOMING","22","HB","2024","350","0.003","93","129","73","55","71.7","","52.3","76.4","45.3","67.8","77","0-0"
"","","150706","","385681","","Jack Walsh","wyoming-cowboys","WYOMING","79","G","2024","687","0.0058","0","0","346","341","73.7","","","","73.7","72.2","138","0-0"
"","","150709","","368429","","Micah Young","wyoming-cowboys","WYOMING","D44","LB","2024","1","0","0","0","1","0","60","","","","","60","0","0-0"
"","","150995","","382504","","Tevin Griffey","boise-state-broncos","BOISE ST","D31","CB","2024","1","0","0","0","1","0","60","","","","","60","0","0-0"
"","","151054","","391691","","Richard Pearce","new-mexico-lobos","NEW MEXICO","78","G","2024","904","0.0077","0","1","428","475","71","","60","","70.6","75","168","9-0"
"","","151364","","362693","","Robert Rahimi","san-jose-state-spartans","S JOSE ST","D01","S","2024","1","0","0","0","1","0","60","","","","","60","1","0-0"
"","","152603","","363788","","Saveyon Henderson","colorado-state-rams","COLO STATE","77","T","2024","868","0.0074","0","0","432","436","71.1","","","","80.1","62.4","190","1-0"
"","","153333","","392141","","Jayden Ahboah","unlv-rebels","UNLV","68","T","2024","18","0.0002","0","0","17","1","63.8","","","","66","62.7","4","0-0"
"","","154600","","361687","","Jack Hestera","utah-state-aggies","UTAH ST","14","WR","2024","419","0.0036","0","254","165","0","59.1","","60.3","","","47.9","32","0-0"
"","","154703","","361769","","Andrew Henry","new-mexico-lobos","NEW MEXICO","02","HB","2024","3","0","0","3","0","0","59.4","","57.7","","","","0","0-0"
"","","156001","","385038","","Michael Buckley","new-mexico-lobos","NEW MEXICO","84","WR","2024","122","0.001","0","78","44","0","59","","58.9","","","58.3","14","0-0"
"","","156008","","394614","","Jackson Kohal","air-force-falcons","AIR FORCE","54","G","2024","182","0.0015","0","0","132","50","72","","","","61.6","71.7","52","0-0"
"","","156012","","385002","","Rashod Tanner","unlv-rebels","UNLV","D41","CB","2024","2","0","0","1","1","0","58","","57.7","","","60","0","0-0"
"","","156043","","385560","","Tylan Hines","hawaii-warriors","HAWAII","02","WR","2024","187","0.0016","39","101","25","22","72","","69.8","69.3","63.3","73.2","52","0-0"
"","","156057","","436613","","Micah Mariteragi","hawaii-warriors","HAWAII","74","C","2024","2","0","0","0","2","0","56.4","","","","","55.5","2","0-0"
"","","156365","","428195","","Snoop Leota-Amaama","nevada-wolf-pack","NEVADA","55","G","2024","22","0.0002","0","0","14","8","53.3","","","","79","50.5","8","0-0"
"","","156414","","386271","","Cam Camper","boise-state-broncos","BOISE ST","09","WR","2024","668","0.0057","0","380","288","0","76","","75.3","","","74","84","3-0"
"","","157027","","393327","","Mani Powell","unlv-rebels","UNLV","D16","LB","2024","2","0","0","0","1","1","60","","","","63.8","60","0","0-0"
"","","157190","","385891","","Javen Jacobs","new-mexico-lobos","NEW MEXICO","21","HB","2024","182","0.0015","39","114","22","7","69.8","","58.8","78.2","76.3","46.2","35","0-0"
"","","157196","","387238","","Ashton Jeanty","boise-state-broncos","BOISE ST","02","HB","2024","798","0.0068","388","270","28","112","94.8","","54.4","96.6","46.6","58.1","255","1-0"
"","","157197","","398498","","Kage Casey","boise-state-broncos","BOISE ST","77","T","2024","947","0.008","0","0","481","466","83.5","","","","87","76.4","188","1-0"
"","","157198","","415635","","Austin Terry","boise-state-broncos","BOISE ST","86","TE","2024","108","0.0009","0","27","77","4","54.6","","57.7","","69.9","52.8","25","1-0"
"","","157202","","387227","","Braxton Fely","boise-state-broncos","BOISE ST","D90","DI","2024","9","0.0001","0","1","8","0","64.5","","59.7","","","64.6","3","0-0"
"","","157204","","387229","","James Ferguson-Reynolds","boise-state-broncos","BOISE ST","S46","P","2024","2","0","0","1","1","0","56","59.4","","","","60","0","0-0"
"","","157207","","393424","","Brayden Fowler-Nicolosi","colorado-state-rams","COLO STATE","16","QB","2024","873","0.0074","18","441","414","0","70.6","72.5","63.7","45.4","","60.4","202","1-0"
"","","157214","","386420","","Jaseim Mitchell","colorado-state-rams","COLO STATE","D23","LB","2024","1","0","0","0","1","0","60","","","","","60","0","0-0"
"","","157217","","386443","","Paddy Turner","colorado-state-rams","COLO STATE","S41","P","2024","1","0","1","0","0","0","60","","","60","","","0","0-0"
"","","157246","","391257","","Luke Drzewiecki","new-mexico-lobos","NEW MEXICO","S26","K","2024","9","0.0001","0","2","6","1","56.7","","57.9","","66.5","57.8","0","0-0"
"","","157338","","386171","","Tyler King","wyoming-cowboys","WYOMING","05","WR","2024","249","0.0021","13","140","96","0","58.9","","59.4","62.6","","57.6","32","2-0"
"","","157344","","415760","","Emmett Brown","san-jose-state-spartans","S JOSE ST","09","QB","2024","380","0.0032","16","254","110","0","71.9","69.9","54.6","66.1","","60","132","2-0"
"","","157366","","386054","","Cortez Braham","nevada-wolf-pack","NEVADA","08","WR","2024","790","0.0067","1","429","360","0","68.4","","70.3","57.9","","55.3","77","5-0"
"","","157405","","394942","","Michael Allen","unlv-rebels","UNLV","26","HB","2024","43","0.0004","19","7","14","3","64","","56.1","64.2","76.6","57.3","6","0-0"
"","","157625","","412319","","Ryan Marks","utah-state-aggies","UTAH ST","S47","K","2024","3","0","0","2","1","0","55.4","57.7","60","","","60","0","0-0"
"","","157632","","406886","","Bronson Olevao Jr.","utah-state-aggies","UTAH ST","D14","LB","2024","1","0","0","1","0","0","58.4","","55.3","","","","1","0-0"
"","","157636","","430753","","Elia Migao","utah-state-aggies","UTAH ST","73","G","2024","1","0","0","0","1","0","60","","","","","60","0","0-0"
"","","157662","","434114","","Kimball Madsen","wyoming-cowboys","WYOMING","35","FB","2024","1","0","0","0","0","1","60","","","","70","","0","0-0"
"","","157663","","391530","","Nic Talich","wyoming-cowboys","WYOMING","D49","LB","2024","1","0","0","0","1","0","60","","","","","60","0","0-0"
"","","157664","","408016","","Evan Svoboda","wyoming-cowboys","WYOMING","17","QB","2024","578","0.0049","83","284","211","0","55.1","50.1","55.1","64.8","","60.3","179","0-0"
"","","157665","","408013","","Isaac Schoenfeld","wyoming-cowboys","WYOMING","87","TE","2024","52","0.0004","0","14","33","5","53.1","","52.3","","54.8","57.1","9","0-0"
"","","157668","","408005","","Rex Johnsen","wyoming-cowboys","WYOMING","70","G","2024","426","0.0036","0","0","219","207","54.4","","","","36","57","105","1-1"
"","","157673","","415990","","Wes King","wyoming-cowboys","WYOMING","78","G","2024","461","0.0039","0","0","237","224","66.9","","","","80.2","62","92","1-1"
"","","157677","","408012","","Luke Sandy","wyoming-cowboys","WYOMING","57","C","2024","13","0.0001","0","0","6","7","72.8","","","","77.6","70.1","3","0-0"
"","","157681","","401500","","Caleb Merritt","wyoming-cowboys","WYOMING","D18","CB","2024","1","0","0","0","1","0","60","","","","","60","0","0-0"
"","","157684","","385682","","Carson York","wyoming-cowboys","WYOMING","S52","LS","2024","1","0","0","0","1","0","60","","","","","60","0","0-0"
"","","157692","","400032","","Grant Page","utah-state-aggies","UTAH ST","08","WR","2024","474","0.004","0","270","204","0","58","87.3","55.9","57.3","","64.8","28","0-0"
"","","157732","","418159","","Andrew Savaiinaea","nevada-wolf-pack","NEVADA","11","TE","2024","357","0.003","0","171","170","16","44.8","","43.1","","56.6","53.6","48","1-0"
"","","157831","","391789","","Matthew Coleman","san-jose-state-spartans","S JOSE ST","14","WR","2024","416","0.0035","0","278","137","1","66.3","","66.9","","61.9","54.4","37","1-0"
"","","157835","","400014","","Jabari Bates","san-jose-state-spartans","S JOSE ST","06","HB","2024","212","0.0018","60","41","8","103","70.3","","46.4","75.3","50.8","59.2","44","0-0"
"","","157839","","434129","","Denaris DeRosa Jr.","san-jose-state-spartans","S JOSE ST","65","G","2024","48","0.0004","0","0","17","31","56.3","","","","82.5","47","7","0-0"
"","","157841","","412234","","Uluakinofo Taliauli","san-jose-state-spartans","S JOSE ST","69","G","2024","115","0.001","0","0","54","61","60.3","","","","65.3","57.7","16","1-0"
"","","157842","","412235","","Joseph Harbert","san-jose-state-spartans","S JOSE ST","75","C","2024","197","0.0017","0","0","60","137","47.2","","","","40.8","48.5","36","2-0"
"","","157843","","405972","","Jake Steele","boise-state-broncos","BOISE ST","68","G","2024","189","0.0016","0","0","96","93","64.3","","","","65.3","65.2","38","1-0"
"","","157845","","386228","","Jordan Pollard","san-jose-state-spartans","S JOSE ST","D10","LB","2024","1","0","1","0","0","0","64.5","","","62.7","","","1","0-0"
"","","157849","","386223","","Michael Dansby","san-jose-state-spartans","S JOSE ST","D25","CB","2024","1","0","0","0","1","0","60","","","","","60","0","0-0"
"","","157896","","386414","","Cade Harris","air-force-falcons","AIR FORCE","21","HB","2024","586","0.005","48","157","380","1","72","","67.2","77.2","65.5","66.3","119","1-0"
"","","157899","","381485","","Jake Martin","air-force-falcons","AIR FORCE","D07","S","2024","1","0","0","0","1","0","60","","","","","60","0","0-0"
"","","157904","","386351","","Aiden Calvert","air-force-falcons","AIR FORCE","28","HB","2024","120","0.001","19","26","74","1","60.6","","49.9","63.8","73.1","63.4","22","0-0"
"","","157906","","406616","","Michael McAninch","air-force-falcons","AIR FORCE","71","G","2024","768","0.0065","0","0","604","164","74","","","","41.4","75.2","229","3-2"
"","","157916","","391996","","Cameron Breier","air-force-falcons","AIR FORCE","06","WR","2024","235","0.002","2","16","217","0","66.1","","52.4","60.5","","74.8","57","0-0"
"","","157917","","385911","","Osaro Aihie","air-force-falcons","AIR FORCE","D08","LB","2024","1","0","0","0","1","0","60","","","","","60","1","0-0"
"","","157918","","385913","","Kendin Alexander","air-force-falcons","AIR FORCE","04","WR","2024","22","0.0002","0","5","17","0","45.3","","45.4","","","56.1","3","0-0"
"","","157922","","387365","","Kale Gibbs","air-force-falcons","AIR FORCE","30","HB","2024","2","0","0","0","1","1","60","","","","70.3","60","0","0-0"
"","","157926","","386385","","Brandon Engel","air-force-falcons","AIR FORCE","02","WR","2024","165","0.0014","0","41","124","0","62.1","91.7","50.7","","","71.3","21","0-0"
"","","158166","","405984","","Pofele Ashlock","hawaii-warriors","HAWAII","05","WR","2024","564","0.0048","0","425","139","0","60.3","","60.4","","","56.8","82","1-0"
"","","158172","","405968","","Dean Briski","hawaii-warriors","HAWAII","52","T","2024","41","0.0003","0","0","28","13","59.7","","","","11.7","68.9","11","1-1"
"","","158176","","385552","","Noah Kema","hawaii-warriors","HAWAII","D18","LB","2024","2","0","0","0","1","1","60","","","","61","60","0","0-0"
"","","158178","","385605","","Peter Manuma","hawaii-warriors","HAWAII","D01","S","2024","1","0","0","0","1","0","60","","","","","60","0","0-0"
"","","158184","","398992","","Alex Perry","hawaii-warriors","HAWAII","00","WR","2024","403","0.0034","0","290","113","0","53.7","","53.2","","","58.8","36","1-0"
"","","158188","","406090","","Ethan Spencer","hawaii-warriors","HAWAII","57","C","2024","258","0.0022","0","0","88","170","68.1","","","","68.3","65.6","41","0-0"
"","","158190","","406564","","Devon Tauaefa","hawaii-warriors","HAWAII","87","WR","2024","69","0.0006","0","26","35","8","53.3","","50.5","","44.7","63.1","13","0-0"
"","","158219","","415591","","Shawn Miller","new-mexico-lobos","NEW MEXICO","14","WR","2024","91","0.0008","0","55","36","0","52.4","","49.6","","","72.5","8","0-0"
"","","158232","","407064","","AJ Bianco","nevada-wolf-pack","NEVADA","10","QB","2024","51","0.0004","4","32","15","0","74.7","74.3","54.6","65","","60","19","0-0"
"","","158235","","391512","","Stone Combs","nevada-wolf-pack","NEVADA","D33","LB","2024","2","0","0","0","2","0","60","","","","","60","0","0-0"
"","","158237","","400172","","Josh Grabowski","nevada-wolf-pack","NEVADA","54","G","2024","505","0.0043","0","2","254","249","78","","57.1","","80","77.3","103","0-0"
"","","158241","","400174","","Jonathan Maldonado","nevada-wolf-pack","NEVADA","D95","ED","2024","1","0","0","0","1","0","60","","","","","60","1","0-0"
"","","158248","","387754","","Chris Smalley","nevada-wolf-pack","NEVADA","45","TE","2024","53","0.0004","0","12","41","0","46.8","","36.8","","","60.1","13","0-0"
"","","158252","","387769","","Isaiah World","nevada-wolf-pack","NEVADA","70","T","2024","854","0.0072","0","1","397","456","70.1","","60","","82.4","61.3","126","8-0"
"","","158316","","387639","","Jeremiah Earby","boise-state-broncos","BOISE ST","D06","CB","2024","1","0","0","0","1","0","60","","","","","60","0","0-0"
"","","158319","","395014","","Ashton Hayes","nevada-wolf-pack","NEVADA","26","HB","2024","15","0.0001","1","5","9","0","74.2","","70.6","63.3","","59.3","3","0-0"
"","","158333","","428192","","Moso'oipala Tuitele","new-mexico-lobos","NEW MEXICO","D89","ED","2024","8","0.0001","0","3","5","0","55.1","","54.6","","","60","0","0-0"
"","","158524","","431384","","Jakobus Seth","nevada-wolf-pack","NEVADA","72","DI","2024","15","0.0001","0","0","13","2","69.8","","","","73.9","68.8","4","0-0"
"","","158562","","386834","","George Maile","utah-state-aggies","UTAH ST","72","G","2024","372","0.0032","0","0","177","195","57.2","","","","74.2","54.2","77","3-1"
"","","158574","","386875","","Armani Winfield","colorado-state-rams","COLO STATE","01","WR","2024","518","0.0044","0","267","251","0","64.7","60","64.6","","","66.5","50","2-0"
"","","158641","","439460","","James Bailey","new-mexico-lobos","NEW MEXICO","53","G","2024","7","0.0001","0","0","6","1","65.5","","","","68.8","64.9","2","0-0"
"","","158659","","386324","","Chris Marshall","boise-state-broncos","BOISE ST","05","WR","2024","58","0.0005","0","37","21","0","54.2","","53","","","66.6","3","0-0"
"","","158713","","406880","","Joseph Borjon","san-diego-state-aztecs","S DIEGO ST","78","T","2024","47","0.0004","0","0","21","26","82.5","","","","86.6","77.7","5","0-0"
"","","158775","","393611","","Dean Abdullah","san-diego-state-aztecs","S DIEGO ST","76","C","2024","67","0.0006","0","0","38","29","53.9","","","","65","52.2","17","0-0"
"","","158785","","434169","","Ryan Dirksen","san-diego-state-aztecs","S DIEGO ST","75","T","2024","11","0.0001","0","0","10","1","57.5","","","","63.9","56","1","0-0"
"","","158791","","386431","","Josh Hunter","san-diego-state-aztecs","S DIEGO ST","D24","CB","2024","2","0","0","2","0","0","54.9","","54.7","","","","0","0-0"
"","","158794","","386438","","Chris Johnson","san-diego-state-aztecs","S DIEGO ST","D01","CB","2024","5","0","0","2","1","2","69.1","","69.8","","88.4","60","1","0-0"
"","","158807","","400007","","Lucky Sutton","san-diego-state-aztecs","S DIEGO ST","07","HB","2024","12","0.0001","5","0","5","2","67.3","","","68.1","36.3","57.3","3","0-0"
"","","158810","","400153","","Trey White","san-diego-state-aztecs","S DIEGO ST","D47","ED","2024","4","0","1","0","0","3","67.3","","","62.7","89.6","","1","0-0"
"","","159070","","387286","","Peseti Lapuaho","san-jose-state-spartans","S JOSE ST","79","T","2024","892","0.0076","0","0","277","615","30","","60","","17","49.8","192","5-0"
"","","159085","","393658","","Treyshun Hurry","san-jose-state-spartans","S JOSE ST","02","WR","2024","569","0.0048","0","406","162","1","60.6","","60.3","","61.9","57.8","36","0-0"
"","","159429","","386572","","Dalesean Staley","san-diego-state-aztecs","S DIEGO ST","D09","S","2024","5","0","0","0","1","4","60","","","","99.9","60","0","0-0"
"","","160062","","381685","","McKenzie Agnello","new-mexico-lobos","NEW MEXICO","66","C","2024","902","0.0077","0","1","428","473","76.6","","60","","73.5","75.8","133","3-0"
"","","160315","","398543","","Brendan Durkin","new-mexico-lobos","NEW MEXICO","S30","LS","2024","1","0","0","1","0","0","59.8","59.8","","","","","0","0-0"
"","","160350","","392593","","NaQuari Rogers","new-mexico-lobos","NEW MEXICO","28","HB","2024","158","0.0013","76","36","32","14","82","","53.8","82.8","81.4","52.2","53","0-0"
"","","162162","","391907","","Brayden Bryant","san-diego-state-aztecs","S DIEGO ST","55","C","2024","759","0.0064","0","0","321","438","70.2","","","","64.7","69.7","167","4-0"
"","","162488","","400041","","Austin Harnetiaux","nevada-wolf-pack","NEVADA","D44","LB","2024","2","0","0","0","2","0","60","","","","","60.1","0","0-0"
"","","162499","","418240","","Jake Parnagian","fresno-state-bulldogs","FRESNO ST","25","WR","2024","7","0.0001","0","1","6","0","58.3","","59.3","","","60.4","0","0-0"
"","","162515","","407700","","Tevin Shaw","new-mexico-lobos","NEW MEXICO","75","T","2024","109","0.0009","0","0","40","69","52.3","","","","44","54.1","16","0-0"
"","","162657","","386282","","Cam'ron Barfield","hawaii-warriors","HAWAII","09","HB","2024","125","0.0011","34","27","9","55","69.9","","64.5","71.9","52.4","57.5","27","0-0"
"","","163281","","394659","","Trent Carrizosa","san-jose-state-spartans","S JOSE ST","S49","P","2024","1","0","0","0","1","0","60","","","","","60","0","0-0"
"","","163319","","386397","","Louis Brown IV","san-diego-state-aztecs","S DIEGO ST","04","WR","2024","619","0.0053","0","346","273","0","69","","69.2","","","59.1","54","1-0"
"","","163325","","393429","","Keegan Holles","colorado-state-rams","COLO STATE","33","HB","2024","36","0.0003","15","14","1","6","69.8","","55.5","71.3","65.7","60","15","0-0"
"","","163326","","391528","","Aaron Karas","colorado-state-rams","COLO STATE","78","T","2024","878","0.0074","0","0","436","442","73.7","","","","62.3","75.3","207","1-0"
"","","163339","","386453","","Jordan Williams","colorado-state-rams","COLO STATE","13","TE","2024","13","0.0001","0","9","4","0","51.1","","52.7","","","57.2","0","0-0"
"","","163350","","396170","","Justin Holaday","new-mexico-lobos","NEW MEXICO","87","QB","2024","5","0","2","1","2","0","68.5","","59.6","64.9","","60","1","0-0"
"","","163374","","394602","","Roger Carreon","boise-state-broncos","BOISE ST","62","G","2024","335","0.0028","0","0","166","169","60.7","","","","69.4","61.6","74","5-0"
"","","163377","","415632","","Mason Jacobsen","boise-state-broncos","BOISE ST","D56","ED","2024","1","0","0","0","0","1","60","","","","63.8","","0","0-0"
"","","163379","","399865","","Maddux Madsen","boise-state-broncos","BOISE ST","04","QB","2024","945","0.008","29","465","451","0","74.2","70.7","","67.7","","60.1","240","1-0"
"","","163387","","406383","","Jake Ripp","boise-state-broncos","BOISE ST","D43","ED","2024","1","0","0","0","1","0","60","","","","","60","0","0-0"
"","","163388","","431367","","Hall Schmidt","boise-state-broncos","BOISE ST","65","T","2024","725","0.0062","0","0","377","348","50.3","","","","53","49.6","163","5-0"
"","","163393","","428291","","Nathan Acevedo","fresno-state-bulldogs","FRESNO ST","85","WR","2024","113","0.001","2","53","58","0","65.4","","64","70.2","","50.9","15","1-0"
"","","163395","","432420","","Matai Bell","fresno-state-bulldogs","FRESNO ST","70","C","2024","11","0.0001","0","0","9","2","64.3","","","","74.2","63","2","0-0"
"","","163398","","406204","","Josiah Freeman","fresno-state-bulldogs","FRESNO ST","05","WR","2024","76","0.0006","0","58","18","0","72.2","","71.6","","","57.6","13","0-0"
"","","163406","","396207","","Dylan Lynch","fresno-state-bulldogs","FRESNO ST","S46","K","2024","3","0","0","2","1","0","57.3","","58","","","60","0","0-0"
"","","163408","","398990","","Jalen Moss","fresno-state-bulldogs","FRESNO ST","18","WR","2024","600","0.0051","1","391","208","0","63.5","","63.4","57.7","","59.2","64","0-0"
"","","163415","","386288","","Jacob Spomer","fresno-state-bulldogs","FRESNO ST","69","T","2024","254","0.0022","0","0","76","178","87.3","","","","89","81.1","23","0-0"
"","","163416","","395559","","Daniel Taumalolo","fresno-state-bulldogs","FRESNO ST","63","G","2024","328","0.0028","0","0","143","185","72.3","","","","60.8","74.8","69","1-0"
"","","163421","","428445","","Joshua Wood","fresno-state-bulldogs","FRESNO ST","03","QB","2024","90","0.0008","34","36","20","0","77.4","68.2","56.4","73.4","","60","33","0-0"
"","","163424","","406819","","Teague Andersen","utah-state-aggies","UTAH ST","54","T","2024","788","0.0067","0","0","314","474","67.8","","","","81.3","62.1","119","7-0"
"","","163425","","385508","","Robert Briggs Jr.","utah-state-aggies","UTAH ST","02","HB","2024","35","0.0003","10","23","1","1","69.8","","74.9","70.8","70","60","9","1-0"
"","","163439","","444043","","Adam Pond","utah-state-aggies","UTAH ST","67","T","2024","2","0","0","0","1","1","60","","","","63.9","60","0","0-0"
"","","163440","","406896","","Bryce Radford","utah-state-aggies","UTAH ST","75","C","2024","20","0.0002","0","0","16","4","67.1","","","","82.2","64.2","3","0-0"
"","","163442","","385496","","Jalen Royals","utah-state-aggies","UTAH ST","01","WR","2024","461","0.0039","0","290","171","0","79.6","","80.6","","","53.8","61","0-0"
"","","163445","","412324","","Chase Tuatagaloa","utah-state-aggies","UTAH ST","12","TE","2024","14","0.0001","0","7","7","0","47.9","58.1","54.8","","","41.6","3","0-0"
"","","163857","","387214","","Savion Red","nevada-wolf-pack","NEVADA","06","HB","2024","304","0.0026","120","102","63","19","72.5","","62.7","73","61.4","60.1","88","0-0"
"","","163868","","423531","","Ky Woods","nevada-wolf-pack","NEVADA","25","WR","2024","40","0.0003","9","11","19","1","81","","65","83.6","71.5","59.1","8","0-0"
"","","164058","","394090","","Sam Benjamin","san-diego-state-aztecs","S DIEGO ST","D90","DI","2024","2","0","0","0","2","0","60","","","","","60","0","0-0"
"","","164073","","385445","","Chedon James","fresno-state-bulldogs","FRESNO ST","04","WR","2024","73","0.0006","0","52","21","0","56.6","","56.5","","","59.7","4","0-0"
"","","164945","","387391","","Tyler Keinath","boise-state-broncos","BOISE ST","78","G","2024","487","0.0041","0","0","259","228","61.1","","","","65.8","58.1","126","2-0"
"","","167095","","387244","","Floyd Chalk IV","san-jose-state-spartans","S JOSE ST","00","HB","2024","558","0.0047","158","119","27","254","80.1","","51.7","81","75.4","58.3","98","0-0"
"","","168401","","406682","","Parker St. John","air-force-falcons","AIR FORCE","89","WR","2024","6","0.0001","0","0","6","0","60.7","","","","","60.3","0","0-0"
"","","168404","","391473","","Trey Williams","air-force-falcons","AIR FORCE","D00","CB","2024","1","0","0","0","1","0","60","","","","","60","0","0-0"
"","","169053","","391880","","Nick Cenacle","hawaii-warriors","HAWAII","03","WR","2024","610","0.0052","0","467","142","1","67.7","","67.1","","63.9","64.6","61","0-0"
"","","169119","","391468","","Kurt Chesney","air-force-falcons","AIR FORCE","S49","LS","2024","1","0","0","0","1","0","60","","","","","60","0","0-0"
"","","169169","","394969","","Jared Roznos","air-force-falcons","AIR FORCE","13","WR","2024","187","0.0016","0","45","142","0","54.7","","54.1","","","55.5","17","0-0"
"","","169503","","397821","","Luke Freer","air-force-falcons","AIR FORCE","S97","P","2024","1","0","0","0","1","0","60","","","","","60","0","0-0"
"","","169929","","406767","","Wallace Unamba","new-mexico-lobos","NEW MEXICO","76","T","2024","699","0.0059","0","0","304","395","66.7","","","","67.5","64.8","114","3-1"
"","","169986","","433995","","Lajuan Owens","new-mexico-lobos","NEW MEXICO","52","T","2024","728","0.0062","0","0","346","382","66.7","","","","80.6","60.4","83","4-0"
"","","170518","","431609","","Nick Scalise","unlv-rebels","UNLV","62","T","2024","32","0.0003","0","0","26","6","70.5","","","","77.4","67.6","4","0-0"
"","","171068","","405983","","Gabriel Iniguez","utah-state-aggies","UTAH ST","D10","DI","2024","1","0","0","0","0","1","60","","","","63.8","","0","0-0"
"","","171543","","418264","","John Bolles","nevada-wolf-pack","NEVADA","77","T","2024","80","0.0007","0","1","47","32","40.9","","58.9","","19.9","50.1","20","0-0"
"","","171550","","421205","","Jayden O'Rourke","nevada-wolf-pack","NEVADA","82","TE","2024","28","0.0002","0","15","13","0","38.9","","47.3","","","48.5","3","1-0"
"","","171552","","407221","","Oliver Stuart","nevada-wolf-pack","NEVADA","87","TE","2024","159","0.0013","0","76","63","20","43.7","","46.9","","28","51.3","22","0-0"
"","","171556","","412713","","Devon Dampier","new-mexico-lobos","NEW MEXICO","04","QB","2024","895","0.0076","124","473","298","0","89.9","79.1","","86.2","","60.8","355","4-0"
"","","171557","","407150","","Everett Hunter","new-mexico-lobos","NEW MEXICO","83","TE","2024","13","0.0001","0","8","5","0","54","","53.4","","","57.7","1","0-0"
"","","171565","","428920","","Matthew Toilolo","new-mexico-lobos","NEW MEXICO","65","T","2024","36","0.0003","0","1","31","4","56.7","","60","","71.4","56.2","4","0-0"
"","","171572","","426845","","Jelani McLaughlin","san-diego-state-aztecs","S DIEGO ST","D27","S","2024","4","0","0","1","1","2","55.7","","55.3","","90.2","60","0","0-0"
"","","171574","","415623","","Gabriel Plascencia","san-diego-state-aztecs","S DIEGO ST","S46","K","2024","3","0","0","1","2","0","58.6","","60","","","59.4","0","0-0"
"","","172143","","411222","","Caleb Ramseur","nevada-wolf-pack","NEVADA","20","HB","2024","157","0.0013","32","68","43","14","62.4","","68.2","59.3","55.7","62.7","24","0-0"
"","","173000","","419584","","Tyler Chen","san-jose-state-spartans","S JOSE ST","62","G","2024","299","0.0025","0","0","88","211","56.1","","","","63.9","48.1","47","1-0"
"","","173451","","406391","","Prince Strachan","boise-state-broncos","BOISE ST","17","WR","2024","450","0.0038","0","256","194","0","63","","63.7","","","60","35","2-1"
"","","173457","","415634","","Jason Steele","boise-state-broncos","BOISE ST","67","C","2024","154","0.0013","0","0","84","70","65.8","","","","69","62.8","25","0-0"
"","","173459","","418301","","Caleb Goodie","colorado-state-rams","COLO STATE","02","WR","2024","477","0.004","5","235","237","0","64.2","","62.4","74.2","","58.9","37","0-0"
"","","173460","","425507","","Justin Marshall","colorado-state-rams","COLO STATE","29","HB","2024","326","0.0028","159","132","16","19","76.9","","51.1","78.5","73.5","57","84","0-0"
"","","173464","","429116","","Stephon Daily","colorado-state-rams","COLO STATE","84","WR","2024","28","0.0002","0","21","7","0","67.5","","66.9","","","59.1","4","0-0"
"","","173465","","419455","","Damian Henderson II","colorado-state-rams","COLO STATE","34","HB","2024","22","0.0002","9","6","5","2","71.7","","62.2","70.4","72.1","64","7","0-0"
"","","173467","","429115","","Lavon Brown","colorado-state-rams","COLO STATE","82","WR","2024","52","0.0004","0","38","14","0","59.3","","59.2","","","58.9","2","0-0"
"","","173472","","416171","","Jamari Person","colorado-state-rams","COLO STATE","18","WR","2024","546","0.0046","0","323","221","2","59","","60.9","","74.1","45","59","1-0"
"","","173475","","429135","","Morgan Tribbett","colorado-state-rams","COLO STATE","S45","LS","2024","1","0","0","0","1","0","60","","","","","60","0","0-0"
"","","173477","","0","","Brig Hartson","colorado-state-rams","COLO STATE","17","WR","2024","1","0","0","0","1","0","60","","","","","60","0","0-0"
"","","173480","","419453","","Jackson Brousseau","colorado-state-rams","COLO STATE","08","QB","2024","13","0.0001","0","7","6","0","44.4","46.3","","57.3","","60","2","0-0"
"","","173484","","419456","","Mason Muaau","colorado-state-rams","COLO STATE","87","TE","2024","14","0.0001","0","11","2","1","43.7","","52.9","","34","58.2","3","1-1"
"","","173490","","406545","","Vince Brown II","colorado-state-rams","COLO STATE","10","TE","2024","660","0.0056","0","287","334","39","46","","54","","38.2","40.3","131","1-0"
"","","173491","","429123","","Christian Martin","colorado-state-rams","COLO STATE","72","T","2024","116","0.001","0","0","90","26","45.1","","","","77.2","42.9","28","0-0"
"","","173498","","429125","","Tanner Morley","colorado-state-rams","COLO STATE","74","G","2024","736","0.0062","0","0","360","376","67","","","","77.1","64.3","151","2-0"
"","","173499","","429137","","Aitor Urionabarrenechea","colorado-state-rams","COLO STATE","79","G","2024","21","0.0002","0","0","11","10","77","","","","80.2","76.8","7","0-0"
"","","173501","","448187","","Joe Dalena","fresno-state-bulldogs","FRESNO ST","36","WR","2024","1","0","0","0","1","0","60","","","","","60","0","0-0"
"","","173505","","421137","","Antoine Sullivan","fresno-state-bulldogs","FRESNO ST","08","WR","2024","17","0.0001","0","6","11","0","55.8","","55.6","","","60.7","1","0-0"
"","","173507","","415781","","Tim Grear Jr.","fresno-state-bulldogs","FRESNO ST","06","WR","2024","90","0.0008","0","58","32","0","59.4","","57.8","","","71.6","7","0-0"
"","","173515","","428359","","Brock Lium","fresno-state-bulldogs","FRESNO ST","89","TE","2024","31","0.0003","0","9","21","1","50.8","","56.9","","67.1","47.4","6","0-0"
"","","173516","","431723","","Jayden Mandal","fresno-state-bulldogs","FRESNO ST","07","QB","2024","33","0.0003","1","13","19","0","39.4","35.9","","60","","60","10","0-0"
"","","173519","","426844","","Richie Anderson","fresno-state-bulldogs","FRESNO ST","88","TE","2024","404","0.0034","0","189","175","40","52.8","","53.8","","71.2","52.9","76","1-0"
"","","173520","","412308","","Jake Tarwater","fresno-state-bulldogs","FRESNO ST","87","TE","2024","122","0.001","0","44","67","11","68.4","","54.7","","54.8","83.1","30","0-0"
"","","173529","","424788","","Edward Fonua","fresno-state-bulldogs","FRESNO ST","72","G","2024","255","0.0022","0","0","86","169","48.5","","","","44.3","45.3","52","0-0"
"","","173843","","406476","","Gabriel Averitt","air-force-falcons","AIR FORCE","57","C","2024","10","0.0001","0","0","2","8","57.7","","","","29.8","60","1","0-0"
"","","173847","","434044","","Jack Burnett","air-force-falcons","AIR FORCE","62","C","2024","113","0.001","0","0","103","10","79.5","","","","0","77.5","28","0-0"
"","","173848","","406503","","Are'an Burr","air-force-falcons","AIR FORCE","D54","LB","2024","1","0","0","0","1","0","60","","","","","60","1","0-0"
"","","173849","","406506","","John Busha","air-force-falcons","AIR FORCE","03","QB","2024","333","0.0028","67","97","169","0","59","53.3","","62.1","","60.1","86","0-0"
"","","173850","","406509","","Dylan Carson","air-force-falcons","AIR FORCE","05","FB","2024","352","0.003","140","19","138","55","68","","53.8","69.9","67.7","45.5","87","0-0"
"","","173852","","406520","","Kaden Cloud","air-force-falcons","AIR FORCE","27","HB","2024","71","0.0006","6","27","34","4","54.5","","52.4","51.7","76.3","63.5","4","0-0"
"","","173853","","446962","","Cameron Collins","air-force-falcons","AIR FORCE","77","T","2024","1","0","0","0","1","0","60","","","","","60","0","0-0"
"","","173854","","406535","","Costen Cooley","air-force-falcons","AIR FORCE","67","C","2024","714","0.0061","0","0","543","171","82","","","","59.4","81.1","178","0-0"
"","","173861","","406561","","Bruin Fleischmann","air-force-falcons","AIR FORCE","88","TE","2024","700","0.0059","0","126","550","24","61.9","","58.8","","64.5","62","148","3-0"
"","","173862","","406565","","Samuel Floysand","air-force-falcons","AIR FORCE","65","T","2024","197","0.0017","0","0","143","54","51","","","","51.8","52.8","61","1-0"
"","","173863","","406585","","Christopher Frew","air-force-falcons","AIR FORCE","08","HB","2024","261","0.0022","47","36","174","4","71","","54.9","73.8","76.7","60.6","36","0-0"
"","","173865","","429407","","Terrence Gist","air-force-falcons","AIR FORCE","12","FB","2024","147","0.0012","40","10","57","40","58.5","","54.9","61","37.1","59.9","27","0-0"
"","","173872","","0","","Kaleb Killian","air-force-falcons","AIR FORCE","17","HB","2024","7","0.0001","0","2","5","0","58.9","","58.6","","","58.6","0","0-0"
"","","173874","","406619","","Parker Menefee","air-force-falcons","AIR FORCE","87","TE","2024","194","0.0016","0","26","154","14","45.4","","46.5","","75","48.6","34","0-0"
"","","173875","","406667","","Evan Rau","air-force-falcons","AIR FORCE","29","WR","2024","21","0.0002","0","7","14","0","45.8","","31.9","","","50.7","3","0-0"
"","","173880","","406679","","Quin Smith","air-force-falcons","AIR FORCE","18","WR","2024","264","0.0022","0","67","197","0","68.4","","71.9","","","56.9","25","1-0"
"","","173882","","406693","","Darius Stone","air-force-falcons","AIR FORCE","34","HB","2024","3","0","3","0","0","0","48.3","","","53","","","0","0-0"
"","","173883","","406695","","Jace Sutulovich","air-force-falcons","AIR FORCE","66","G","2024","169","0.0014","0","0","126","43","64.2","","","","60.4","63.3","38","0-0"
"","","173885","","429543","","Trevor Tate","air-force-falcons","AIR FORCE","78","T","2024","492","0.0042","0","0","391","101","67.4","","","","33.9","69.4","95","0-0"
"","","173981","","415653","","Jerry McClure","san-diego-state-aztecs","S DIEGO ST","85","WR","2024","8","0.0001","0","6","2","0","55.5","","56.1","","","60","0","0-0"
"","","174009","","428197","","Carlito Capanang Jr.","hawaii-warriors","HAWAII","86","WR","2024","6","0.0001","0","3","3","0","57.8","","58.3","","","60","0","0-0"
"","","174066","","406661","","Austin Boyd","unlv-rebels","UNLV","79","G","2024","273","0.0023","0","0","149","124","61.4","","","","85.3","57.1","42","2-0"
"","","174068","","406686","","Jacob De Jesus","unlv-rebels","UNLV","21","WR","2024","446","0.0038","16","239","190","1","77.2","","78.1","63.4","70","65.4","45","1-1"
"","","174069","","406692","","Christian Earls","unlv-rebels","UNLV","87","TE","2024","23","0.0002","0","6","16","1","63.9","","53.4","","67.4","73.9","3","0-0"
"","","174070","","429350","","Matthew Greene","unlv-rebels","UNLV","84","TE","2024","15","0.0001","0","1","14","0","75.9","","59.8","","","75.3","8","0-0"
"","","174072","","423505","","Cooper Haswell","unlv-rebels","UNLV","83","TE","2024","5","0","0","0","5","0","56.2","","","","","54.3","1","0-0"
"","","174073","","431591","","Ed Haynes","unlv-rebels","UNLV","71","C","2024","15","0.0001","0","0","14","1","52.1","","","","66.9","51.3","3","0-0"
"","","174074","","406703","","DeAngelo Irvin Jr.","unlv-rebels","UNLV","10","WR","2024","125","0.0011","7","64","54","0","53.3","58","51.6","61.4","","57.4","9","0-0"
"","","174075","","431593","","Rashawn Jackson","unlv-rebels","UNLV","82","WR","2024","24","0.0002","0","1","23","0","60.5","","59.9","","","61.9","0","0-0"
"","","174080","","406741","","Jai'Den Thomas","unlv-rebels","UNLV","09","HB","2024","460","0.0039","165","167","70","58","79.7","","51.4","83.5","83","53.6","97","0-0"
"","","174081","","422418","","Corey Thompson Jr.","unlv-rebels","UNLV","13","WR","2024","295","0.0025","0","131","164","0","52.7","","51.7","","","56.9","14","0-0"
"","","174198","","415614","","Owen Chambliss","san-diego-state-aztecs","S DIEGO ST","D05","LB","2024","1","0","0","1","0","0","79.5","","87.7","","","","1","0-0"
"","","174203","","405991","","Malachi Nelson","boise-state-broncos","BOISE ST","07","QB","2024","57","0.0005","1","20","36","0","80.4","80.1","","60","","60","9","0-0"
"","","174204","","428302","","Wesley Brown","fresno-state-bulldogs","FRESNO ST","S52","LS","2024","3","0","0","0","1","2","60","","","","72.9","60","0","0-0"
"","","174757","","406854","","Kahanu Davis","utah-state-aggies","UTAH ST","11","WR","2024","22","0.0002","0","6","16","0","46.3","","45.7","","","61.8","2","0-0"
"","","174765","","406878","","Will Monney","utah-state-aggies","UTAH ST","86","TE","2024","177","0.0015","0","111","58","8","53.5","","58.4","","44.6","36.1","19","1-0"
"","","174812","","429601","","Jake Davies","wyoming-cowboys","WYOMING","71","T","2024","797","0.0068","0","0","403","394","37.5","","","","23.6","44.5","194","1-0"
"","","174819","","429604","","Nathan Geiger","wyoming-cowboys","WYOMING","65","T","2024","11","0.0001","0","0","7","4","79.3","","","","79.6","78.1","2","0-0"
"","","174820","","439463","","Quinn Grovesteen-Matchey","wyoming-cowboys","WYOMING","76","G","2024","106","0.0009","0","0","46","60","57.4","","","","50.5","57.3","22","0-0"
"","","174828","","429610","","Justin Stevenson","wyoming-cowboys","WYOMING","11","WR","2024","468","0.004","5","244","219","0","55.2","","53.7","71","","56.7","36","3-0"
"","","174835","","415994","","Jayden Williams","wyoming-cowboys","WYOMING","D98","DI","2024","1","0","1","0","0","0","64.5","","","62.7","","","1","0-0"
"","","174865","","430040","","Nate Hale","san-jose-state-spartans","S JOSE ST","72","T","2024","6","0.0001","0","0","5","1","54","","","","0","60","1","1-1"
"","","174870","","418125","","Cooper Hoch","san-jose-state-spartans","S JOSE ST","13","WR","2024","168","0.0014","0","90","78","0","55.9","","55.4","","","60.4","10","0-0"
"","","174873","","412262","","Dylan Lee","san-jose-state-spartans","S JOSE ST","D18","LB","2024","1","0","0","0","1","0","60","","","","","60","0","0-0"
"","","175014","","430038","","Naseri Danielson","san-jose-state-spartans","S JOSE ST","D16","LB","2024","1","0","0","0","1","0","60","","","","","60","0","0-0"
"","","175695","","436610","","Nick Delgadillo","hawaii-warriors","HAWAII","89","WR","2024","6","0.0001","0","0","6","0","60","","","","","60","0","0-0"
"","","175697","","428200","","Hunter Higham","hawaii-warriors","HAWAII","S35","LS","2024","1","0","0","1","0","0","64.5","","74.4","","","","1","0-0"
"","","175701","","428201","","Kansei Matsuzawa","hawaii-warriors","HAWAII","S17","K","2024","1","0","0","1","0","0","59","","60","","","","0","0-0"
"","","175703","","428202","","James Milovale","hawaii-warriors","HAWAII","70","T","2024","600","0.0051","0","0","158","442","65","","","","59.5","70.8","104","3-1"
"","","175705","","405976","","Jamih Otis","hawaii-warriors","HAWAII","D54","LB","2024","1","0","0","0","1","0","60","","","","","60","0","0-0"
"","","175709","","428205","","John-Keawe Sagapolutele","hawaii-warriors","HAWAII","16","QB","2024","22","0.0002","5","8","9","0","53.8","45.6","","66.1","","60","5","0-0"
"","","175711","","445059","","Oakie Salave'a","hawaii-warriors","HAWAII","85","TE","2024","17","0.0001","0","4","11","2","58.6","","73.1","","75.7","42.6","3","0-0"
"","","175713","","436614","","Maclane Watkins","hawaii-warriors","HAWAII","81","TE","2024","6","0.0001","0","0","6","0","60","","","","","59.8","0","0-0"
"","","175717","","407068","","Marshaun Brown","nevada-wolf-pack","NEVADA","09","WR","2024","113","0.001","0","71","42","0","60.7","","60.1","","","62.8","11","0-0"
"","","175718","","424786","","Nate Burleson II","nevada-wolf-pack","NEVADA","12","WR","2024","79","0.0007","0","47","32","0","60.6","","60.3","","","60.7","5","0-0"
"","","175727","","407212","","Tyson Ruffins","nevada-wolf-pack","NEVADA","56","G","2024","585","0.005","0","0","286","299","68.9","","","","73.9","66","96","1-0"
"","","175728","","407224","","Josiah Timoteo","nevada-wolf-pack","NEVADA","71","T","2024","572","0.0049","0","2","282","288","52","","57.9","","37.2","60.8","126","3-1"
"","","175729","","419452","","Bishop Turner","nevada-wolf-pack","NEVADA","D15","S","2024","2","0","0","0","2","0","60","","","","","60.1","0","0-0"
"","","175742","","412733","","Nic Trujillo","new-mexico-lobos","NEW MEXICO","07","WR","2024","374","0.0032","0","224","150","0","65.8","","65.3","","","63","30","0-0"
"","","175745","","412744","","Evan Wysong","new-mexico-lobos","NEW MEXICO","80","WR","2024","1","0","0","1","0","0","57.9","","59.4","","","","0","0-0"
"","","175746","","445712","","Briley Barron","san-diego-state-aztecs","S DIEGO ST","77","G","2024","24","0.0002","0","0","13","11","65","","","","83.4","61.7","7","0-0"
"","","175749","","405987","","Baylin Brooks","san-diego-state-aztecs","S DIEGO ST","80","WR","2024","95","0.0008","0","51","44","0","52","","51.3","","","62.5","7","0-0"
"","","175759","","407185","","Jordan Napier","san-diego-state-aztecs","S DIEGO ST","19","WR","2024","387","0.0033","3","220","164","0","69.9","72.5","69.7","53.3","","67.2","54","0-0"
"","","175760","","407186","","Brady Nassar","san-diego-state-aztecs","S DIEGO ST","D93","ED","2024","4","0","0","1","2","1","53.1","","60","","63.8","60","1","0-0"
"","","175763","","430262","","Ryan Silver","san-diego-state-aztecs","S DIEGO ST","68","G","2024","33","0.0003","0","0","21","12","57.2","","","","21","61","12","0-0"
"","","175765","","0","","Derek Smith","san-diego-state-aztecs","S DIEGO ST","43","WR","2024","1","0","0","0","1","0","60","","","","","60","0","0-0"
"","","175766","","430269","","Javance Tupou'ata-Johnson","san-diego-state-aztecs","S DIEGO ST","06","QB","2024","103","0.0009","6","56","41","0","55.6","53.6","","60.1","","60","37","0-0"
"","","175888","","407514","","Connor Gilbreath","boise-state-broncos","BOISE ST","74","T","2024","55","0.0005","0","0","36","19","68.1","","","","34","72.1","16","0-0"
"","","175947","","406875","","Aloali'i Maui","utah-state-aggies","UTAH ST","62","G","2024","756","0.0064","0","0","305","451","57.7","","","","44.3","62.5","181","7-1"
"","","176024","","418141","","Deston Hawkins","nevada-wolf-pack","NEVADA","22","HB","2024","80","0.0007","6","38","26","10","55","","65","60.9","24.4","46.3","16","1-0"
"","","176098","","447610","","Cole Keele","utah-state-aggies","UTAH ST","78","G","2024","1","0","0","0","1","0","60","","","","","60","0","0-0"
"","","176209","","412454","","Jambres Dubar","boise-state-broncos","BOISE ST","01","HB","2024","54","0.0005","26","16","3","9","74.8","","65.9","73","83.1","58.8","14","0-0"
"","","176220","","436570","","Max Cutforth","boise-state-broncos","BOISE ST","14","QB","2024","9","0.0001","0","2","7","0","63.2","62.3","","","","60","0","0-0"
"","","176221","","406339","","Ty Benefield","boise-state-broncos","BOISE ST","D00","S","2024","1","0","0","0","1","0","60","","","","","60","0","0-0"
"","","176279","","406400","","Troy Wilkey","boise-state-broncos","BOISE ST","19","HB","2024","4","0","4","0","0","0","77.4","","","73.4","","","3","0-0"
"","","176280","","430129","","Carson Rasmussen","boise-state-broncos","BOISE ST","64","G","2024","57","0.0005","0","0","38","19","60.5","","","","85","57.5","14","0-0"
"","","176291","","431368","","Kyle Cox","boise-state-broncos","BOISE ST","70","T","2024","97","0.0008","0","0","61","36","68.2","","","","68.8","65.3","25","0-0"
"","","176320","","425516","","Matt Wagner","boise-state-broncos","BOISE ST","88","TE","2024","436","0.0037","0","115","266","55","61.2","","69.3","","56.2","52.1","104","1-0"
"","","176473","","429078","","Noah Flores","utah-state-aggies","UTAH ST","D25","CB","2024","1","0","0","1","0","0","58.1","","57.7","","","","0","0-0"
"","","176477","","446980","","Jackson Olsen","utah-state-aggies","UTAH ST","18","WR","2024","8","0.0001","0","0","8","0","61.1","","","","","61.7","0","0-0"
"","","176482","","406861","","Rahsul Faison","utah-state-aggies","UTAH ST","03","HB","2024","580","0.0049","204","281","35","60","80.7","","49","89.2","56.1","54.1","133","1-0"
"","","176866","","414002","","Elvin Harris","new-mexico-lobos","NEW MEXICO","70","G","2024","3","0","0","0","0","3","60","","","","71","","0","0-0"
"","","182289","","406614","","Tylor Latham","air-force-falcons","AIR FORCE","25","HB","2024","267","0.0023","22","52","178","15","64.4","","85.1","57.8","19","57.6","28","0-0"
"","","182290","","406671","","Tre Roberson","air-force-falcons","AIR FORCE","10","WR","2024","139","0.0012","0","30","108","1","68.8","","69.6","","61","61.1","12","0-0"
"","","182300","","406548","","Anthony DeBerardino","air-force-falcons","AIR FORCE","S45","LS","2024","1","0","0","0","1","0","60","","","","","60","0","0-0"
"","","184162","","436609","","Micah Alejado","hawaii-warriors","HAWAII","12","QB","2024","113","0.001","10","84","19","0","80.2","86.4","","52.5","","60","42","0-0"
"","","184168","","398222","","Judah Kaio","hawaii-warriors","HAWAII","79","G","2024","135","0.0011","0","0","44","91","50.2","","","","40.1","49","30","1-0"
"","","184169","","436611","","Blaze Kamoku","hawaii-warriors","HAWAII","80","WR","2024","20","0.0002","0","7","13","0","57","","56.9","","","59.8","0","0-0"
"","","184176","","428203","","Christian Perry","hawaii-warriors","HAWAII","54","T","2024","27","0.0002","0","0","16","11","50.8","","","","51","49.9","6","0-0"
"","","184180","","443103","","Tama Uiliata","hawaii-warriors","HAWAII","82","WR","2024","47","0.0004","0","39","8","0","56.2","","56.2","","","59.9","3","0-0"
"","","184181","","429109","","Christian Vaughn","hawaii-warriors","HAWAII","47","HB","2024","44","0.0004","16","8","7","13","76.4","","55.7","75.2","83","58.3","9","0-0"
"","","184187","","428194","","Guy Gillespie","nevada-wolf-pack","NEVADA","S39","P","2024","3","0","2","0","1","0","57.9","","","58.8","","60","0","0-0"
"","","184188","","0","","Anthony Grigsby Jr.","nevada-wolf-pack","NEVADA","00","QB","2024","1","0","0","0","1","0","60","","","","","59.5","0","0-0"
"","","184198","","445036","","Saipale Fuimaono","san-diego-state-aztecs","S DIEGO ST","57","G","2024","225","0.0019","0","0","89","136","49.8","","","","33","51.6","57","4-1"
"","","184199","","430240","","Gabe Garretson","san-diego-state-aztecs","S DIEGO ST","88","TE","2024","12","0.0001","0","0","12","0","70.3","","","","","70.8","2","0-0"
"","","184200","","430257","","Danny O'Neil","san-diego-state-aztecs","S DIEGO ST","05","QB","2024","734","0.0062","20","414","299","1","69.6","73.5","59.5","45.8","62.2","60.2","171","3-0"
"","","184203","","429331","","Jae Beasley II","unlv-rebels","UNLV","43","TE","2024","101","0.0009","0","12","80","9","54.6","","49.4","","75.7","54.7","27","0-0"
"","","184204","","429334","","Greg Burrell","unlv-rebels","UNLV","05","HB","2024","195","0.0017","66","53","37","39","77.6","","54.4","79.2","78.7","57.7","37","0-0"
"","","184207","","431597","","Damien McDaniel","unlv-rebels","UNLV","02","WR","2024","23","0.0002","0","4","19","0","56.8","","56","","","60.1","1","0-0"
"","","184229","","430096","","Sire Gaines","boise-state-broncos","BOISE ST","26","HB","2024","39","0.0003","20","11","3","5","69.5","","86.5","66.8","29.6","60","14","0-0"
"","","184643","","428188","","Malik Aliane","new-mexico-lobos","NEW MEXICO","51","C","2024","266","0.0023","0","2","165","99","67.8","","57","","75.6","65.7","36","1-0"
"","","184648","","433997","","Josh Perry","new-mexico-lobos","NEW MEXICO","23","HB","2024","1","0","0","0","1","0","60","","","","","60","0","0-0"
"","","184680","","377971","","Chandler Brown","colorado-state-rams","COLO STATE","60","T","2024","10","0.0001","0","0","3","7","62.6","","","","76.8","58.9","1","0-0"
"","","184873","","430043","","Malakai Hoeft","san-jose-state-spartans","S JOSE ST","D24","S","2024","1","0","0","0","1","0","60","","","","","60","0","0-0"
"","","184878","","430055","","Jacob Stewart","san-jose-state-spartans","S JOSE ST","81","TE","2024","427","0.0036","0","283","141","3","56.6","60","58.2","","32.2","46.5","45","1-0"
"","","184945","","431665","","Jaylan Bean","wyoming-cowboys","WYOMING","88","WR","2024","40","0.0003","0","21","19","0","52.3","","52.4","","","57.7","1","0-0"
"","","184950","","0","","Chris Durr Jr.","wyoming-cowboys","WYOMING","15","WR","2024","227","0.0019","1","156","70","0","74.9","","76.6","57.5","","47.3","37","0-0"
"","","184951","","429603","","Justin Erb","wyoming-cowboys","WYOMING","80","TE","2024","153","0.0013","0","35","108","10","51.3","","43.9","","55.8","58.1","39","0-0"
"","","184974","","443117","","Jake Wilson","wyoming-cowboys","WYOMING","89","TE","2024","7","0.0001","1","5","1","0","53.9","","55.2","57.7","","60","0","0-0"
"","","186405","","431695","","Roman Bradley","air-force-falcons","AIR FORCE","24","FB","2024","74","0.0006","21","3","31","19","56.3","","57.4","55.6","66.8","58.6","10","0-0"
"","","186410","","443119","","Owen Chambers","air-force-falcons","AIR FORCE","20","WR","2024","10","0.0001","0","4","6","0","56","","57.9","","","54.2","2","0-0"
"","","186411","","429396","","Kyle Chen","air-force-falcons","AIR FORCE","D20","S","2024","1","0","0","0","1","0","60","","","","","60","0","0-0"
"","","186412","","431700","","Rocco Conti","air-force-falcons","AIR FORCE","35","HB","2024","51","0.0004","8","16","27","0","53.5","","52.6","52.8","","63.3","7","0-0"
"","","186416","","434045","","Nathan Elwood","air-force-falcons","AIR FORCE","52","T","2024","51","0.0004","0","0","43","8","67.2","","","","78","64.1","15","0-0"
"","","186417","","429399","","Alec Falk","air-force-falcons","AIR FORCE","75","G","2024","513","0.0044","0","0","410","103","65.1","","","","66.1","63.2","124","0-0"
"","","186418","","429400","","Luke Fisher","air-force-falcons","AIR FORCE","D48","LB","2024","1","0","0","0","1","0","60","","","","","60","0","0-0"
"","","186423","","429410","","Quentin Hayes","air-force-falcons","AIR FORCE","07","QB","2024","453","0.0038","116","71","266","0","85.1","64.8","89.9","80.9","","60","108","0-0"
"","","186426","","431702","","Kemper Hodges","air-force-falcons","AIR FORCE","14","FB","2024","79","0.0007","19","2","35","23","54.3","","58.7","59.1","41.7","49.8","21","0-0"
"","","186429","","434046","","Josh Johnson","air-force-falcons","AIR FORCE","11","QB","2024","50","0.0004","11","20","19","0","48.8","47.9","","55.9","","60","20","0-0"
"","","186432","","429462","","Tyler Lawrence","air-force-falcons","AIR FORCE","68","T","2024","137","0.0012","0","0","108","29","62.9","","","","27.8","65.9","44","2-0"
"","","186435","","431710","","Omari Murdock","air-force-falcons","AIR FORCE","86","TE","2024","1","0","0","1","0","0","60","","60","","","","0","0-0"
"","","186437","","434051","","Cade Palmer","air-force-falcons","AIR FORCE","23","FB","2024","3","0","0","0","2","1","60","","","","0","60","1","0-0"
"","","186446","","0","","Gage Spencer","air-force-falcons","AIR FORCE","63","T","2024","15","0.0001","0","0","8","7","58","","","","63.4","56.2","2","0-0"
"","","186447","","0","","Griffin Stalfort","air-force-falcons","AIR FORCE","53","G","2024","1","0","0","0","1","0","60","","","","","60","0","0-0"
"","","186448","","429541","","TJ Tarascio","air-force-falcons","AIR FORCE","58","G","2024","34","0.0003","0","0","22","12","72.5","","","","54.2","73.9","12","0-0"
"","","188484","","431583","","Dyllan Drummond","unlv-rebels","UNLV","57","T","2024","15","0.0001","0","0","14","1","64.5","","","","66.7","63.6","2","0-0"
"","","188485","","392772","","Traivon Dyson","unlv-rebels","UNLV","81","WR","2024","2","0","0","0","2","0","59.9","","","","","59.7","0","0-0"
"","","188487","","431589","","Devin Green","unlv-rebels","UNLV","22","HB","2024","104","0.0009","29","29","32","14","58.1","","52.3","60.3","60.5","53.8","9","0-0"
"","","188492","","431599","","Kayden McGee","unlv-rebels","UNLV","16","WR","2024","13","0.0001","0","5","8","0","90.7","","89.6","","","58.5","3","0-0"
"","","188494","","431602","","Toby Moore","unlv-rebels","UNLV","67","G","2024","15","0.0001","0","0","14","1","72.3","","","","66.7","71.3","8","0-0"
"","","188497","","429358","","Hank Purvis","unlv-rebels","UNLV","64","G","2024","77","0.0007","0","0","63","14","67.2","","","","82.6","65.5","24","0-0"
"","","188501","","431612","","Mason Vicari","unlv-rebels","UNLV","51","G","2024","60","0.0005","0","0","49","11","54.5","","","","79.5","52.6","6","1-0"
"","","188809","","447602","","Arthur Ban","san-diego-state-aztecs","S DIEGO ST","90","TE","2024","11","0.0001","0","7","4","0","59.7","","54.8","","","73.7","1","0-0"
"","","188811","","430239","","Krishna Clay","san-diego-state-aztecs","S DIEGO ST","D40","DI","2024","1","0","0","1","0","0","56.9","","59.1","","","","0","0-0"
"","","188817","","430252","","Tyler McMahan","san-diego-state-aztecs","S DIEGO ST","65","G","2024","447","0.0038","0","0","205","242","60.1","","","","68.6","58.5","92","6-1"
"","","188822","","0","","Cincere Rhaney","san-diego-state-aztecs","S DIEGO ST","20","HB","2024","1","0","0","0","1","0","60","","","","","60","0","0-0"
"","","188837","","431711","","Tevita Manukainiu","san-jose-state-spartans","S JOSE ST","71","T","2024","32","0.0003","0","2","27","3","48.1","","54","","69.6","50.4","7","0-0"
"","","188839","","430048","","Daniel Moleni","san-jose-state-spartans","S JOSE ST","54","T","2024","22","0.0002","0","0","13","9","48","","","","54.7","45.9","7","0-0"
"","","188840","","430050","","Sione Nomani","san-jose-state-spartans","S JOSE ST","74","G","2024","659","0.0056","0","1","217","441","50","","65.2","","46.6","49.4","127","6-1"
"","","188843","","431717","","Lamar Radcliffe","san-jose-state-spartans","S JOSE ST","26","HB","2024","100","0.0008","33","20","9","38","68","","52.9","71.1","45.3","57.4","24","0-0"
"","","190463","","428191","","Hyrum Hatch","new-mexico-lobos","NEW MEXICO","S25","LS","2024","9","0.0001","0","2","6","1","60.8","","63","","67.6","59.4","2","0-0"
"","","190465","","436516","","James Laubstein","new-mexico-lobos","NEW MEXICO","13","QB","2024","2","0","0","2","0","0","64.6","","","62.4","","","1","0-0"
"","","190962","","429435","","Simon Kibbee","air-force-falcons","AIR FORCE","80","TE","2024","25","0.0002","0","4","20","1","36.5","","56.3","","43.4","35.3","7","0-0"
"","","190986","","429944","","Cameron Bates","boise-state-broncos","BOISE ST","80","WR","2024","100","0.0008","4","43","52","1","69.2","","66.1","72.7","61.1","57","13","0-0"
"","","190988","","429949","","Kayden Chan","boise-state-broncos","BOISE ST","27","WR","2024","8","0.0001","0","2","6","0","59.9","","59.8","","","60.1","0","0-0"
"","","190992","","445711","","Daylon Metoyer","boise-state-broncos","BOISE ST","75","T","2024","235","0.002","0","0","122","113","41.2","","","","46.6","40","61","0-0"
"","","190996","","436573","","Dylan Riley","boise-state-broncos","BOISE ST","24","HB","2024","50","0.0004","22","24","0","4","70.7","","59.6","71.5","78.2","","9","0-0"
"","","191053","","443120","","Jalen Dupree","colorado-state-rams","COLO STATE","20","HB","2024","44","0.0004","25","13","4","2","74.4","","57.5","73.7","72.7","59.8","18","0-0"
"","","191062","","444051","","Tommy Maher","colorado-state-rams","COLO STATE","86","WR","2024","46","0.0004","1","32","13","0","61","","67","44.8","","58.3","9","0-0"
"","","191068","","429130","","Jordan Ross","colorado-state-rams","COLO STATE","83","WR","2024","186","0.0016","3","111","72","0","69.2","","68","68.4","","60","22","1-0"
"","","191076","","434217","","Ben Baker","fresno-state-bulldogs","FRESNO ST","56","T","2024","1","0","0","0","1","0","60","","","","","60","1","0-0"
"","","191077","","448186","","Drew Carlson","fresno-state-bulldogs","FRESNO ST","28","WR","2024","4","0","0","3","1","0","56.5","","57.4","","","60","0","0-0"
"","","191080","","428306","","Bryson Donelson","fresno-state-bulldogs","FRESNO ST","26","HB","2024","243","0.0021","78","130","13","22","73.6","","57.9","81.1","20.6","57.5","57","2-0"
"","","191091","","428364","","Lyndon Ravare","fresno-state-bulldogs","FRESNO ST","15","WR","2024","115","0.001","0","49","66","0","56.4","","55.7","","","60.7","6","0-0"
"","","191362","","446364","","Grayson Brousseau","utah-state-aggies","UTAH ST","33","TE","2024","12","0.0001","0","1","11","0","56.5","","60","","","56.4","1","0-0"
"","","191363","","446366","","Derrick Jameson","utah-state-aggies","UTAH ST","22","HB","2024","40","0.0003","16","11","12","1","80","","54.1","81.1","71.1","58.2","9","0-0"
"","","191372","","429149","","Herschel Turner","utah-state-aggies","UTAH ST","21","HB","2024","260","0.0022","83","132","19","26","67.8","","46.9","75.1","42.3","56.7","56","0-0"
"","","191376","","445063","","Nico Hamilton","wyoming-cowboys","WYOMING","21","HB","2024","1","0","0","0","1","0","60","","","","","60","1","0-0"
"","","193241","","431780","","Jared Pele","utah-state-aggies","UTAH ST","51","T","2024","11","0.0001","0","0","10","1","58","","","","63.7","56.6","1","0-0"
"","","197615","","0","","Reign Broadway","air-force-falcons","AIR FORCE","16","TE","2024","3","0","0","2","1","0","80.5","","73.9","","","60","1","0-0"
"","","197814","","0","","Liam Szarka","air-force-falcons","AIR FORCE","09","WR","2024","1","0","0","0","1","0","60","","","","","60","0","0-0"